customer_id,name,email,phone,city,state,registration_date,tier,tags
1000,Paul Jones,customer0@gmail.com,+1-372-335-6165,Chicago,TX,2021-12-01,Silver,"new,newsletter,vip"
1001,Maya Jones,customer1@yahoo.com,+1-591-832-2678,Chicago,WA,2021-02-05,Silver,discount
1002,Wendy Martinez,customer2@outlook.com,+1-432-516-7064,LA,TX,2022-01-02,Silver,"loyal,discount"
1003,Kate Smith,customer3@gmail.com,+1-465-289-3404,Denver,MA,2023-10-02,Silver,"loyal,vip"
1004,Charlie Garcia,customer4@yahoo.com,+1-902-238-2952,LA,CO,2021-01-18,Bronze,discount
1005,Frank Brown,customer5@outlook.com,+1-272-262-8973,Denver,TX,2022-05-01,Silver,"referral,loyal"
1006,Bob Jones,customer6@gmail.com,+1-422-284-1094,Boston,CO,2021-10-22,Silver,"newsletter,new"
1007,Sam Brown,customer7@yahoo.com,+1-883-408-1975,Austin,WA,2023-02-04,Bronze,"discount,loyal"
1008,Victor Taylor,customer8@outlook.com,+1-347-418-8346,Denver,CA,2022-02-21,Bronze,"vip,newsletter,discount"
1009,Wendy Johnson,customer9@gmail.com,+1-853-390-8468,NYC,CO,2023-09-27,Bronze,"vip,new,newsletter"
1010,Charlie Thomas,customer10@yahoo.com,+1-360-160-7215,LA,TX,2020-12-08,Silver,"newsletter,loyal"
1011,Wendy Moore,customer11@outlook.com,+1-636-581-5078,LA,CA,2023-09-09,Bronze,"loyal,vip,discount"
1012,Uma Brown,customer12@gmail.com,+1-405-433-7001,Boston,FL,2024-11-21,Silver,"vip,loyal"
1013,Tina Martinez,customer13@yahoo.com,+1-731-703-4651,Boston,TX,2022-05-05,Bronze,"newsletter,new,discount"
1014,Ivy Anderson,customer14@outlook.com,+1-334-677-9008,Miami,IL,2021-07-29,Silver,"referral,newsletter"
1015,Grace Smith,customer15@gmail.com,+1-350-647-7550,Austin,CO,2022-02-20,Gold,discount
1016,Alice Williams,customer16@yahoo.com,+1-934-589-1896,Boston,MA,2024-08-27,Gold,"vip,newsletter"
1017,Charlie Miller,customer17@outlook.com,+1-404-394-3718,Chicago,WA,2021-05-17,Silver,"discount,vip"
1018,Leo White,customer18@gmail.com,+1-383-117-8550,LA,NY,2021-07-19,Bronze,"discount,newsletter,referral"
1019,Paul Moore,customer19@yahoo.com,+1-770-934-7879,NYC,WA,2023-08-31,Silver,"loyal,referral"
1020,Rose Davis,customer20@outlook.com,+1-820-742-5076,Miami,TX,2021-10-01,Silver,"discount,loyal"
1021,Quinn Taylor,customer21@gmail.com,+1-741-607-1197,Austin,TX,2023-04-25,Silver,newsletter
1022,Xavier Martinez,customer22@yahoo.com,+1-441-190-6121,Chicago,MA,2024-10-14,Gold,discount
1023,Noah Jones,customer23@outlook.com,+1-987-708-1464,Seattle,CO,2022-04-02,Bronze,"referral,loyal"
1024,Kate Brown,customer24@gmail.com,+1-484-876-2261,NYC,IL,2023-12-21,Silver,referral
1025,Frank Garcia,customer25@yahoo.com,+1-751-538-8557,Boston,IL,2021-11-22,Bronze,"newsletter,loyal,new"
1026,Xavier Davis,customer26@outlook.com,+1-528-893-1240,Denver,WA,2021-10-20,Bronze,"new,loyal"
1027,Alice Martinez,customer27@gmail.com,+1-814-908-6614,Chicago,NY,2020-07-02,Silver,"new,discount"
1028,Jack Smith,customer28@yahoo.com,+1-260-161-2761,Miami,MA,2021-04-18,Bronze,"referral,discount"
1029,Charlie Miller,customer29@outlook.com,+1-966-864-6571,Austin,WA,2024-08-26,Silver,"referral,new,loyal"
1030,Uma Garcia,customer30@gmail.com,+1-476-258-8406,Denver,NY,2023-04-18,Silver,referral
1031,Maya Davis,customer31@yahoo.com,+1-242-974-1412,Seattle,CA,2023-08-16,Silver,"new,loyal"
1032,Tina White,customer32@outlook.com,+1-638-413-4223,Boston,TX,2020-04-06,Platinum,"loyal,referral"
1033,Tina Davis,customer33@gmail.com,+1-279-236-6569,Boston,CA,2024-08-30,Silver,new
1034,Sam Moore,customer34@yahoo.com,+1-585-776-7526,Miami,WA,2020-12-01,Platinum,"loyal,vip"
1035,Frank Brown,customer35@outlook.com,+1-364-808-2071,NYC,NY,2023-04-19,Silver,"referral,loyal"
1036,Frank Brown,customer36@gmail.com,+1-326-467-7791,LA,NY,2024-01-04,Silver,"vip,referral,loyal"
1037,Bob Anderson,customer37@yahoo.com,+1-231-606-1612,LA,FL,2021-02-06,Bronze,"loyal,new,discount"
1038,Kate Taylor,customer38@outlook.com,+1-276-806-2051,Miami,CA,2024-01-25,Silver,"newsletter,new,referral"
1039,Charlie Taylor,customer39@gmail.com,+1-599-156-2226,NYC,IL,2020-08-23,Silver,"loyal,new,referral"
1040,Henry Moore,customer40@yahoo.com,+1-766-182-2274,LA,IL,2021-08-28,Silver,referral
1041,Quinn Taylor,customer41@outlook.com,+1-541-522-7557,Austin,MA,2020-08-10,Silver,"discount,referral"
1042,Victor Martinez,customer42@gmail.com,+1-332-968-3154,Miami,CA,2022-07-04,Gold,"discount,vip"
1043,Alice Moore,customer43@yahoo.com,+1-265-151-8330,NYC,IL,2021-09-14,Bronze,newsletter
1044,Tina Miller,customer44@outlook.com,+1-440-489-6141,NYC,NY,2023-07-10,Silver,"new,referral"
1045,Victor Garcia,customer45@gmail.com,+1-928-786-4862,Denver,WA,2020-03-02,Silver,"referral,vip,newsletter"
1046,Henry Moore,customer46@yahoo.com,+1-692-783-5077,Boston,IL,2023-06-06,Bronze,"newsletter,vip"
1047,Eve Taylor,customer47@outlook.com,+1-720-461-9250,LA,MA,2020-08-26,Platinum,"newsletter,discount,referral"
1048,Rose Thomas,customer48@gmail.com,+1-684-728-7941,Boston,NY,2024-11-28,Silver,loyal
1049,Paul Williams,customer49@yahoo.com,+1-539-585-3736,NYC,MA,2024-10-15,Bronze,"discount,loyal,vip"
1050,Leo Anderson,customer50@outlook.com,+1-215-597-9312,Seattle,CO,2024-05-31,Bronze,"newsletter,referral,new"
1051,Sam Brown,customer51@gmail.com,+1-413-841-7473,NYC,WA,2021-07-11,Silver,"loyal,newsletter"
1052,Rose Davis,customer52@yahoo.com,+1-283-280-9936,LA,FL,2022-01-25,Bronze,vip
1053,Xavier White,customer53@outlook.com,+1-585-422-5543,LA,NY,2024-04-22,Bronze,"discount,referral,vip"
1054,Maya Thomas,customer54@gmail.com,+1-272-354-8003,LA,FL,2021-08-29,Bronze,vip
1055,Henry Anderson,customer55@yahoo.com,+1-899-389-8043,LA,CO,2021-01-19,Gold,loyal
1056,Noah Jones,customer56@outlook.com,+1-951-984-1587,Miami,CO,2022-07-31,Silver,"referral,vip,discount"
1057,Olivia Anderson,customer57@gmail.com,+1-201-482-9881,Denver,CO,2020-12-28,Bronze,"vip,referral"
1058,Frank White,customer58@yahoo.com,+1-311-984-9395,Austin,TX,2023-03-10,Gold,loyal
1059,Frank Miller,customer59@outlook.com,+1-949-125-2876,Miami,CO,2021-07-25,Gold,"new,newsletter"
1060,Alice Anderson,customer60@gmail.com,+1-307-776-2590,Denver,WA,2022-09-03,Silver,new
1061,Sam Taylor,customer61@yahoo.com,+1-473-891-6661,LA,TX,2022-08-17,Bronze,"newsletter,new,discount"
1062,Charlie Taylor,customer62@outlook.com,+1-216-563-3345,Miami,CO,2024-01-15,Silver,"new,loyal,discount"
1063,Wendy White,customer63@gmail.com,+1-792-975-2050,Miami,IL,2022-12-14,Bronze,"discount,newsletter"
1064,Frank Martinez,customer64@yahoo.com,+1-382-615-7818,Seattle,MA,2023-02-04,Silver,"newsletter,loyal"
1065,Ivy Moore,customer65@outlook.com,+1-648-431-7731,NYC,IL,2020-10-13,Bronze,"loyal,newsletter,referral"
1066,Diana Williams,customer66@gmail.com,+1-619-339-5899,Chicago,NY,2023-10-08,Silver,loyal
1067,Tina Williams,customer67@yahoo.com,+1-638-871-1522,Chicago,CA,2023-05-21,Bronze,vip
1068,Wendy Taylor,customer68@outlook.com,+1-770-358-4339,Austin,NY,2024-06-09,Silver,"newsletter,loyal"
1069,Sam Smith,customer69@gmail.com,+1-312-684-3452,Chicago,CO,2022-06-19,Bronze,"loyal,discount,new"
1070,Henry Garcia,customer70@yahoo.com,+1-601-335-6125,LA,FL,2022-06-05,Silver,referral
1071,Eve Davis,customer71@outlook.com,+1-800-213-2334,Miami,MA,2021-11-24,Silver,"discount,loyal,newsletter"
1072,Henry Williams,customer72@gmail.com,+1-367-949-7195,Chicago,MA,2020-06-29,Bronze,"vip,discount,referral"
1073,Sam Anderson,customer73@yahoo.com,+1-499-962-2085,Denver,MA,2023-04-03,Silver,"new,discount"
1074,Wendy Williams,customer74@outlook.com,+1-283-847-5056,Seattle,TX,2023-01-24,Bronze,"vip,referral,discount"
1075,Ivy Davis,customer75@gmail.com,+1-552-941-2692,Boston,MA,2024-01-04,Silver,loyal
1076,Henry Martinez,customer76@yahoo.com,+1-702-758-1923,LA,WA,2022-10-23,Bronze,"new,vip"
1077,Henry Brown,customer77@outlook.com,+1-674-734-6010,Chicago,FL,2024-02-21,Silver,"vip,referral"
1078,Grace White,customer78@gmail.com,+1-702-898-2725,LA,CA,2023-05-13,Bronze,"discount,loyal,vip"
1079,Victor Smith,customer79@yahoo.com,+1-505-862-6561,Austin,NY,2021-01-29,Bronze,loyal
1080,Leo Jones,customer80@outlook.com,+1-446-364-9616,Miami,TX,2024-11-12,Bronze,"loyal,discount,new"
1081,Bob Martinez,customer81@gmail.com,+1-994-157-9016,Seattle,TX,2020-10-24,Gold,new
1082,Olivia Taylor,customer82@yahoo.com,+1-683-423-8353,NYC,IL,2021-11-25,Silver,"newsletter,loyal,referral"
1083,Olivia Moore,customer83@outlook.com,+1-991-598-9253,Boston,NY,2023-04-04,Platinum,"loyal,newsletter"
1084,Sam Thomas,customer84@gmail.com,+1-792-345-4558,LA,NY,2024-08-14,Gold,"referral,vip,newsletter"
1085,Olivia Thomas,customer85@yahoo.com,+1-960-968-4444,Seattle,MA,2022-06-27,Gold,"newsletter,discount,referral"
1086,Wendy Johnson,customer86@outlook.com,+1-714-847-7194,Austin,CO,2023-09-27,Silver,"referral,discount,loyal"
1087,Wendy Moore,customer87@gmail.com,+1-816-198-9514,Austin,MA,2023-11-26,Bronze,"loyal,new,vip"
1088,Diana Taylor,customer88@yahoo.com,+1-791-540-6536,Seattle,TX,2020-05-19,Gold,"referral,discount"
1089,Victor Martinez,customer89@outlook.com,+1-882-254-5637,Chicago,NY,2023-06-21,Bronze,"new,newsletter,vip"
1090,Xavier Martinez,customer90@gmail.com,+1-810-245-6518,Seattle,MA,2023-08-19,Silver,"loyal,discount"
1091,Eve Jones,customer91@yahoo.com,+1-810-559-3749,Denver,CO,2022-01-19,Gold,"loyal,discount"
1092,Tina Martinez,customer92@outlook.com,+1-988-532-5352,Chicago,IL,2023-05-19,Bronze,"new,newsletter,referral"
1093,Jack Davis,customer93@gmail.com,+1-914-538-1536,Chicago,CA,2023-09-24,Bronze,vip
1094,Victor Anderson,customer94@yahoo.com,+1-374-812-6926,Seattle,TX,2024-07-10,Bronze,"vip,newsletter"
1095,Victor Garcia,customer95@outlook.com,+1-690-382-7748,Austin,IL,2020-01-10,Platinum,discount
1096,Frank Miller,customer96@gmail.com,+1-761-318-9118,NYC,IL,2022-06-15,Platinum,"referral,discount"
1097,Frank Davis,customer97@yahoo.com,+1-355-156-5838,NYC,WA,2022-08-10,Silver,new
1098,Grace Johnson,customer98@outlook.com,+1-537-818-9174,Miami,CA,2024-03-03,Gold,"discount,newsletter"
1099,Diana White,customer99@gmail.com,+1-926-283-1301,Seattle,IL,2020-03-11,Bronze,"referral,new,loyal"
1100,Kate Miller,customer100@yahoo.com,+1-778-346-3063,LA,WA,2023-02-16,Bronze,"newsletter,referral,vip"
1101,Rose Brown,customer101@outlook.com,+1-534-310-9131,Seattle,FL,2024-07-12,Bronze,"new,vip"
1102,Bob Johnson,customer102@gmail.com,+1-605-629-2045,NYC,WA,2022-06-25,Bronze,"discount,newsletter,loyal"
1103,Grace Taylor,customer103@yahoo.com,+1-817-218-5601,Boston,NY,2023-12-31,Bronze,"newsletter,referral,new"
1104,Rose Brown,customer104@outlook.com,+1-834-854-9628,Miami,MA,2020-05-06,Bronze,newsletter
1105,Grace Garcia,customer105@gmail.com,+1-304-202-8375,Seattle,IL,2020-09-16,Silver,"vip,discount,new"
1106,Tina Martinez,customer106@yahoo.com,+1-860-804-1824,Miami,FL,2020-08-15,Bronze,"vip,discount"
1107,Eve Johnson,customer107@outlook.com,+1-933-146-9495,Boston,TX,2021-03-20,Bronze,"vip,referral,loyal"
1108,Noah Miller,customer108@gmail.com,+1-366-593-9278,Boston,NY,2024-06-09,Gold,"referral,new,vip"
1109,Jack Thomas,customer109@yahoo.com,+1-425-219-7045,Denver,CA,2022-02-16,Bronze,"newsletter,vip,referral"
1110,Rose Davis,customer110@outlook.com,+1-447-604-8089,Boston,MA,2023-05-23,Bronze,discount
1111,Wendy White,customer111@gmail.com,+1-552-243-6864,Austin,TX,2023-11-13,Bronze,"new,discount,vip"
1112,Ivy Garcia,customer112@yahoo.com,+1-549-614-4820,NYC,TX,2020-08-27,Gold,"loyal,newsletter"
1113,Grace Anderson,customer113@outlook.com,+1-516-869-2049,Miami,WA,2021-01-14,Silver,"vip,loyal,newsletter"
1114,Ivy Miller,customer114@gmail.com,+1-729-421-7439,NYC,FL,2020-11-27,Silver,referral
1115,Ivy Davis,customer115@yahoo.com,+1-330-116-5865,NYC,IL,2024-11-19,Bronze,"referral,newsletter"
1116,Uma Miller,customer116@outlook.com,+1-781-284-9719,Austin,WA,2022-07-14,Bronze,"discount,new,referral"
1117,Leo Miller,customer117@gmail.com,+1-205-133-6186,NYC,WA,2024-05-11,Bronze,discount
1118,Quinn Brown,customer118@yahoo.com,+1-454-908-7546,LA,FL,2021-02-20,Bronze,"referral,newsletter,loyal"
1119,Uma Thomas,customer119@outlook.com,+1-356-131-1009,NYC,IL,2020-06-13,Silver,"vip,discount"
1120,Victor Miller,customer120@gmail.com,+1-903-474-3778,Seattle,IL,2022-04-29,Gold,vip
1121,Eve Johnson,customer121@yahoo.com,+1-548-688-4098,LA,CO,2023-05-04,Bronze,"discount,newsletter"
1122,Eve Jones,customer122@outlook.com,+1-352-991-5723,Chicago,IL,2020-08-26,Silver,"loyal,new,referral"
1123,Grace Moore,customer123@gmail.com,+1-449-528-3341,NYC,WA,2020-10-05,Bronze,loyal
1124,Charlie Smith,customer124@yahoo.com,+1-643-387-4142,Denver,MA,2020-03-10,Bronze,"referral,vip"
1125,Frank Thomas,customer125@outlook.com,+1-362-580-4414,Chicago,CO,2024-12-03,Bronze,"new,newsletter"
1126,Grace Taylor,customer126@gmail.com,+1-716-206-3027,Miami,IL,2020-01-19,Gold,"newsletter,new"
1127,Henry White,customer127@yahoo.com,+1-830-898-2999,Chicago,IL,2020-08-25,Bronze,"loyal,referral"
1128,Wendy Miller,customer128@outlook.com,+1-808-792-6617,Austin,FL,2022-06-29,Silver,"new,vip"
1129,Grace Smith,customer129@gmail.com,+1-200-697-5571,Miami,TX,2023-10-28,Bronze,"vip,loyal"
1130,Ivy Martinez,customer130@yahoo.com,+1-652-164-8652,Seattle,WA,2023-06-17,Bronze,"loyal,new"
1131,Grace Martinez,customer131@outlook.com,+1-814-521-2004,Boston,IL,2023-09-27,Bronze,loyal
1132,Tina Miller,customer132@gmail.com,+1-735-250-7142,Seattle,WA,2023-12-10,Bronze,referral
1133,Rose White,customer133@yahoo.com,+1-964-514-9198,Chicago,CA,2023-09-20,Gold,referral
1134,Victor Johnson,customer134@outlook.com,+1-715-862-4765,Austin,FL,2023-08-31,Silver,"new,loyal"
1135,Jack Williams,customer135@gmail.com,+1-665-203-5050,LA,NY,2020-03-10,Bronze,newsletter
1136,Kate Smith,customer136@yahoo.com,+1-663-663-6713,Denver,TX,2020-07-16,Silver,"vip,referral,new"
1137,Wendy Thomas,customer137@outlook.com,+1-759-450-4905,Miami,CO,2022-10-13,Bronze,"referral,discount,loyal"
1138,Bob Williams,customer138@gmail.com,+1-565-992-5277,NYC,TX,2023-07-09,Silver,"loyal,vip,referral"
1139,Quinn Williams,customer139@yahoo.com,+1-442-319-7572,Miami,CO,2022-04-23,Silver,"referral,vip,discount"
1140,Kate Brown,customer140@outlook.com,+1-234-891-1674,Boston,WA,2020-07-12,Bronze,referral
1141,Grace Garcia,customer141@gmail.com,+1-620-302-2900,LA,FL,2024-02-05,Gold,discount
1142,Paul Smith,customer142@yahoo.com,+1-361-841-5503,NYC,IL,2020-05-11,Bronze,newsletter
1143,Kate Brown,customer143@outlook.com,+1-548-103-5456,Chicago,CO,2021-01-09,Bronze,"newsletter,new,discount"
1144,Charlie Garcia,customer144@gmail.com,+1-789-763-6477,Austin,WA,2022-12-29,Silver,"newsletter,discount"
1145,Paul Johnson,customer145@yahoo.com,+1-827-965-3382,Denver,MA,2022-02-05,Bronze,"new,vip"
1146,Eve Martinez,customer146@outlook.com,+1-490-384-2059,Austin,NY,2024-09-16,Bronze,"newsletter,loyal"
1147,Rose Williams,customer147@gmail.com,+1-523-562-1394,Boston,TX,2022-01-15,Bronze,referral
1148,Bob Johnson,customer148@yahoo.com,+1-766-148-3510,Boston,TX,2024-01-08,Gold,"discount,loyal,vip"
1149,Victor Garcia,customer149@outlook.com,+1-512-454-7486,Seattle,NY,2021-01-05,Bronze,"vip,new"
1150,Uma White,customer150@gmail.com,+1-254-411-8064,Boston,WA,2024-01-03,Bronze,"loyal,discount,vip"
1151,Bob Smith,customer151@yahoo.com,+1-841-187-6439,Seattle,TX,2020-08-17,Bronze,"vip,loyal"
1152,Sam Williams,customer152@outlook.com,+1-589-951-3317,LA,FL,2023-03-11,Bronze,"discount,vip"
1153,Ivy Brown,customer153@gmail.com,+1-659-460-7982,Boston,IL,2024-07-04,Silver,"discount,new"
1154,Ivy Moore,customer154@yahoo.com,+1-384-464-4613,Seattle,WA,2023-01-11,Bronze,"loyal,discount,new"
1155,Kate Smith,customer155@outlook.com,+1-919-107-9845,NYC,IL,2022-01-24,Silver,"new,loyal,discount"
1156,Sam Smith,customer156@gmail.com,+1-923-895-8581,Austin,CO,2024-03-22,Silver,vip
1157,Frank Smith,customer157@yahoo.com,+1-331-455-5418,Austin,MA,2024-01-01,Bronze,"vip,referral"
1158,Rose Martinez,customer158@outlook.com,+1-301-894-7218,Chicago,MA,2024-01-29,Bronze,loyal
1159,Alice Brown,customer159@gmail.com,+1-299-843-7379,Chicago,MA,2022-08-11,Silver,"referral,newsletter,vip"
1160,Victor White,customer160@yahoo.com,+1-468-987-4638,Boston,CA,2024-05-15,Silver,"loyal,referral,new"
1161,Rose Smith,customer161@outlook.com,+1-453-826-5424,Boston,NY,2023-09-13,Gold,loyal
1162,Tina Williams,customer162@gmail.com,+1-498-907-3417,LA,MA,2022-07-12,Gold,"discount,referral,vip"
1163,Wendy Miller,customer163@yahoo.com,+1-870-358-5472,Miami,TX,2023-05-21,Silver,"new,discount,vip"
1164,Noah Anderson,customer164@outlook.com,+1-344-179-4110,Denver,NY,2020-07-01,Platinum,"new,newsletter,vip"
1165,Grace Martinez,customer165@gmail.com,+1-905-808-9437,Chicago,NY,2020-12-20,Silver,"discount,vip,loyal"
1166,Tina Martinez,customer166@yahoo.com,+1-532-687-8570,NYC,IL,2024-11-09,Bronze,newsletter
1167,Olivia Taylor,customer167@outlook.com,+1-964-377-7119,Denver,CO,2022-08-27,Silver,"vip,referral"
1168,Grace Garcia,customer168@gmail.com,+1-207-463-1251,Miami,TX,2021-07-18,Bronze,new
1169,Ivy Brown,customer169@yahoo.com,+1-217-489-4313,Miami,CA,2023-05-28,Bronze,"vip,referral,discount"
1170,Quinn Garcia,customer170@outlook.com,+1-452-103-2448,Seattle,NY,2024-06-06,Bronze,"newsletter,loyal"
1171,Quinn Anderson,customer171@gmail.com,+1-948-278-9203,Seattle,IL,2024-09-03,Bronze,vip
1172,Noah Jones,customer172@yahoo.com,+1-492-869-7740,LA,MA,2022-09-21,Bronze,new
1173,Rose Thomas,customer173@outlook.com,+1-494-432-4183,Seattle,IL,2020-01-28,Bronze,referral
1174,Henry Anderson,customer174@gmail.com,+1-405-321-6389,Austin,MA,2022-03-24,Bronze,"vip,newsletter,discount"
1175,Kate Garcia,customer175@yahoo.com,+1-752-139-3552,Seattle,CO,2023-04-15,Bronze,"newsletter,discount,vip"
1176,Charlie Taylor,customer176@outlook.com,+1-800-712-6423,Chicago,TX,2023-11-03,Silver,referral
1177,Bob Anderson,customer177@gmail.com,+1-721-828-8477,Miami,WA,2021-03-26,Bronze,"newsletter,referral"
1178,Noah Brown,customer178@yahoo.com,+1-874-763-3352,Austin,WA,2021-05-01,Gold,"newsletter,discount,referral"
1179,Quinn Smith,customer179@outlook.com,+1-625-558-7739,Chicago,CO,2024-08-17,Gold,"loyal,newsletter"
1180,Uma Anderson,customer180@gmail.com,+1-401-661-7555,Denver,CA,2023-06-26,Silver,new
1181,Ivy Thomas,customer181@yahoo.com,+1-419-254-2632,Chicago,CO,2020-07-25,Bronze,"loyal,referral,discount"
1182,Uma Garcia,customer182@outlook.com,+1-523-710-8557,LA,FL,2023-06-21,Silver,discount
1183,Ivy Williams,customer183@gmail.com,+1-385-233-5944,Denver,MA,2021-11-09,Bronze,"vip,loyal,discount"
1184,Diana Johnson,customer184@yahoo.com,+1-346-212-7076,LA,IL,2020-08-01,Silver,referral
1185,Noah Brown,customer185@outlook.com,+1-728-532-7530,Miami,WA,2023-01-12,Bronze,loyal
1186,Henry Johnson,customer186@gmail.com,+1-565-133-9253,Austin,CO,2020-01-27,Silver,"referral,newsletter"
1187,Diana Davis,customer187@yahoo.com,+1-643-295-5182,Denver,NY,2022-11-24,Silver,"referral,newsletter,loyal"
1188,Grace Martinez,customer188@outlook.com,+1-834-353-6246,Seattle,CA,2024-03-05,Silver,"referral,newsletter,discount"
1189,Olivia White,customer189@gmail.com,+1-361-415-3860,Boston,MA,2022-03-25,Silver,"discount,referral"
1190,Olivia Johnson,customer190@yahoo.com,+1-530-458-7395,Boston,NY,2022-03-30,Bronze,new
1191,Diana Martinez,customer191@outlook.com,+1-208-862-6358,NYC,WA,2020-03-09,Silver,"vip,loyal,discount"
1192,Victor Martinez,customer192@gmail.com,+1-234-877-8783,Seattle,IL,2020-07-12,Bronze,"new,loyal,referral"
1193,Ivy Miller,customer193@yahoo.com,+1-582-768-3757,Austin,WA,2020-10-23,Bronze,discount
1194,Grace Davis,customer194@outlook.com,+1-922-829-8368,NYC,CA,2024-05-04,Bronze,discount
1195,Rose Anderson,customer195@gmail.com,+1-432-727-4567,Chicago,FL,2021-07-10,Bronze,vip
1196,Leo White,customer196@yahoo.com,+1-276-317-7123,Chicago,MA,2023-07-23,Bronze,"discount,new"
1197,Grace Garcia,customer197@outlook.com,+1-573-152-6715,NYC,CA,2024-07-13,Silver,"referral,newsletter"
1198,Wendy Garcia,customer198@gmail.com,+1-457-231-2734,Chicago,NY,2022-08-24,Silver,"new,referral,discount"
1199,Sam Jones,customer199@yahoo.com,+1-986-966-4466,Seattle,NY,2020-10-18,Bronze,"referral,loyal,discount"
1200,Sam Garcia,customer200@outlook.com,+1-794-348-7212,LA,CA,2024-10-01,Bronze,"new,newsletter"
1201,Olivia Williams,customer201@gmail.com,+1-853-522-3699,Boston,CO,2021-08-25,Silver,loyal
1202,Leo Johnson,customer202@yahoo.com,+1-539-473-5980,Denver,CO,2020-11-21,Gold,"new,loyal"
1203,Kate Moore,customer203@outlook.com,+1-473-356-3563,Seattle,NY,2023-03-21,Bronze,"new,newsletter"
1204,Diana Martinez,customer204@gmail.com,+1-467-456-5942,Chicago,CO,2021-11-06,Silver,"loyal,newsletter,referral"
1205,Alice Davis,customer205@yahoo.com,+1-507-966-9793,Miami,TX,2023-03-02,Gold,newsletter
1206,Uma Johnson,customer206@outlook.com,+1-726-747-3779,LA,MA,2023-05-20,Bronze,discount
1207,Noah Martinez,customer207@gmail.com,+1-997-793-3538,Seattle,CA,2022-10-11,Bronze,new
1208,Rose Taylor,customer208@yahoo.com,+1-838-737-5075,Boston,MA,2020-06-29,Gold,"newsletter,referral"
1209,Kate Williams,customer209@outlook.com,+1-906-297-2374,Chicago,NY,2022-02-06,Bronze,"discount,vip"
1210,Quinn Smith,customer210@gmail.com,+1-417-107-6350,Seattle,CO,2020-12-26,Silver,"new,vip,loyal"
1211,Bob Johnson,customer211@yahoo.com,+1-902-192-9848,Chicago,MA,2021-02-27,Silver,vip
1212,Maya Garcia,customer212@outlook.com,+1-215-724-8980,Austin,WA,2021-09-01,Bronze,loyal
1213,Olivia Taylor,customer213@gmail.com,+1-395-563-3962,NYC,IL,2020-05-03,Bronze,"newsletter,referral"
1214,Xavier Thomas,customer214@yahoo.com,+1-404-927-1579,Chicago,CO,2020-06-26,Silver,"vip,loyal"
1215,Diana Williams,customer215@outlook.com,+1-326-259-4572,Boston,TX,2020-11-25,Silver,"newsletter,vip,referral"
1216,Noah Johnson,customer216@gmail.com,+1-665-947-1463,Seattle,TX,2022-08-20,Bronze,discount
1217,Quinn Davis,customer217@yahoo.com,+1-541-607-6783,Denver,IL,2024-11-11,Silver,vip
1218,Maya Miller,customer218@outlook.com,+1-483-250-2021,Boston,IL,2023-06-03,Silver,discount
1219,Olivia Taylor,customer219@gmail.com,+1-774-985-3942,Miami,MA,2020-06-11,Bronze,"referral,newsletter"
1220,Paul Johnson,customer220@yahoo.com,+1-895-312-7728,Chicago,MA,2022-03-23,Silver,"referral,newsletter"
1221,Leo Miller,customer221@outlook.com,+1-521-895-1665,Chicago,WA,2021-05-07,Bronze,"referral,loyal,vip"
1222,Leo Garcia,customer222@gmail.com,+1-387-671-1767,Boston,MA,2022-05-27,Bronze,"new,vip,newsletter"
1223,Xavier Garcia,customer223@yahoo.com,+1-382-483-2337,Seattle,IL,2021-04-15,Silver,new
1224,Diana Moore,customer224@outlook.com,+1-237-401-5059,Seattle,TX,2023-10-12,Bronze,vip
1225,Xavier Smith,customer225@gmail.com,+1-568-199-2411,LA,WA,2020-12-06,Bronze,vip
1226,Quinn Brown,customer226@yahoo.com,+1-858-545-5150,Denver,IL,2020-06-03,Silver,newsletter
1227,Quinn Jones,customer227@outlook.com,+1-695-683-7898,Boston,FL,2022-01-29,Silver,newsletter
1228,Ivy Martinez,customer228@gmail.com,+1-326-420-4467,Boston,WA,2023-05-01,Silver,"vip,loyal,referral"
1229,Frank Thomas,customer229@yahoo.com,+1-352-248-8570,Chicago,WA,2021-08-07,Gold,"vip,referral"
1230,Quinn Anderson,customer230@outlook.com,+1-425-937-2333,Miami,MA,2023-07-06,Platinum,"new,loyal"
1231,Uma Anderson,customer231@gmail.com,+1-618-614-5384,Austin,MA,2023-06-07,Silver,"new,loyal,newsletter"
1232,Bob Thomas,customer232@yahoo.com,+1-400-618-5968,NYC,NY,2020-04-09,Bronze,"newsletter,new"
1233,Alice Moore,customer233@outlook.com,+1-866-868-1167,Boston,IL,2020-08-13,Silver,"loyal,newsletter,new"
1234,Uma Jones,customer234@gmail.com,+1-874-436-4082,Miami,FL,2022-11-19,Bronze,"discount,referral,loyal"
1235,Alice Moore,customer235@yahoo.com,+1-556-912-3178,Chicago,MA,2022-01-04,Silver,discount
1236,Wendy Williams,customer236@outlook.com,+1-404-535-7459,Seattle,NY,2023-05-30,Silver,"referral,new,loyal"
1237,Kate Moore,customer237@gmail.com,+1-803-413-7629,LA,MA,2022-11-05,Platinum,"newsletter,vip"
1238,Victor Johnson,customer238@yahoo.com,+1-310-389-9438,Miami,TX,2021-12-18,Platinum,"new,referral"
1239,Bob Johnson,customer239@outlook.com,+1-611-672-6741,Miami,CO,2021-04-02,Silver,"discount,new"
1240,Quinn Smith,customer240@gmail.com,+1-620-499-5220,Chicago,WA,2020-08-03,Bronze,new
1241,Diana Miller,customer241@yahoo.com,+1-914-882-3307,Austin,TX,2021-09-03,Silver,"newsletter,new,referral"
1242,Tina Jones,customer242@outlook.com,+1-734-811-9271,Miami,WA,2021-06-19,Bronze,"new,discount,vip"
1243,Frank Jones,customer243@gmail.com,+1-471-955-4636,Seattle,IL,2024-12-03,Gold,"discount,referral,newsletter"
1244,Eve White,customer244@yahoo.com,+1-977-517-9593,Austin,CO,2021-03-08,Silver,"discount,newsletter,referral"
1245,Tina White,customer245@outlook.com,+1-252-371-1895,Miami,CA,2022-08-16,Silver,"new,vip"
1246,Ivy Jones,customer246@gmail.com,+1-427-791-4896,Miami,IL,2024-06-24,Bronze,"newsletter,loyal,vip"
1247,Diana Martinez,customer247@yahoo.com,+1-911-291-4094,Miami,WA,2021-07-11,Bronze,"referral,newsletter"
1248,Eve Davis,customer248@outlook.com,+1-751-435-2553,Austin,CA,2020-08-27,Silver,newsletter
1249,Quinn Brown,customer249@gmail.com,+1-687-833-5067,Boston,FL,2022-03-26,Bronze,"referral,vip"
1250,Maya Moore,customer250@yahoo.com,+1-622-459-8680,NYC,CA,2020-04-11,Bronze,newsletter
1251,Diana Johnson,customer251@outlook.com,+1-547-865-4283,NYC,FL,2021-10-26,Bronze,"discount,vip"
1252,Sam Davis,customer252@gmail.com,+1-881-251-2908,Boston,IL,2022-12-02,Platinum,"discount,new"
1253,Henry White,customer253@yahoo.com,+1-776-629-4161,Chicago,TX,2024-05-09,Silver,new
1254,Alice Johnson,customer254@outlook.com,+1-213-118-6201,NYC,IL,2023-12-12,Silver,new
1255,Tina Taylor,customer255@gmail.com,+1-960-720-8686,Miami,WA,2020-11-16,Bronze,referral
1256,Victor Williams,customer256@yahoo.com,+1-201-362-3384,Chicago,CO,2024-08-18,Bronze,"discount,vip"
1257,Paul Miller,customer257@outlook.com,+1-485-353-3644,Chicago,TX,2022-03-19,Bronze,"vip,new"
1258,Charlie Davis,customer258@gmail.com,+1-684-300-9829,Boston,WA,2021-02-16,Silver,"vip,new,newsletter"
1259,Frank Davis,customer259@yahoo.com,+1-209-339-1918,Denver,FL,2022-07-16,Gold,"referral,newsletter"
1260,Wendy Thomas,customer260@outlook.com,+1-369-780-1472,Seattle,MA,2020-02-03,Bronze,"newsletter,discount"
1261,Eve Jones,customer261@gmail.com,+1-968-571-9032,Denver,MA,2022-01-19,Bronze,"newsletter,vip"
1262,Charlie Brown,customer262@yahoo.com,+1-961-795-5324,Seattle,CO,2021-03-20,Bronze,"discount,vip,loyal"
1263,Xavier Jones,customer263@outlook.com,+1-607-498-8370,LA,TX,2020-06-28,Silver,new
1264,Charlie Anderson,customer264@gmail.com,+1-883-692-5144,Denver,NY,2024-08-16,Gold,"vip,discount,new"
1265,Sam Davis,customer265@yahoo.com,+1-926-788-4011,NYC,TX,2021-12-17,Silver,"referral,loyal,vip"
1266,Henry Thomas,customer266@outlook.com,+1-294-217-2097,Boston,NY,2023-07-15,Silver,referral
1267,Wendy Garcia,customer267@gmail.com,+1-236-429-8551,LA,WA,2024-04-06,Bronze,discount
1268,Wendy Miller,customer268@yahoo.com,+1-658-877-2449,Miami,IL,2022-08-26,Silver,"discount,loyal"
1269,Frank Moore,customer269@outlook.com,+1-591-430-3899,Boston,WA,2020-11-07,Bronze,loyal
1270,Maya Martinez,customer270@gmail.com,+1-607-406-5166,Austin,IL,2020-01-06,Bronze,"referral,new"
1271,Uma Jones,customer271@yahoo.com,+1-643-248-2460,Chicago,MA,2021-07-01,Bronze,"newsletter,vip"
1272,Frank Anderson,customer272@outlook.com,+1-461-898-8710,Denver,NY,2021-09-29,Bronze,"discount,loyal"
1273,Tina Anderson,customer273@gmail.com,+1-976-254-8092,Chicago,IL,2021-04-02,Bronze,"referral,new,loyal"
1274,Jack Martinez,customer274@yahoo.com,+1-920-726-4122,Seattle,FL,2024-10-30,Silver,"newsletter,loyal,vip"
1275,Paul Johnson,customer275@outlook.com,+1-271-739-6031,Austin,WA,2024-09-18,Bronze,"discount,loyal"
1276,Charlie Martinez,customer276@gmail.com,+1-960-929-4141,Miami,WA,2021-07-24,Gold,"new,newsletter,loyal"
1277,Alice Jones,customer277@yahoo.com,+1-695-619-4358,Chicago,WA,2024-02-12,Gold,"loyal,discount,newsletter"
1278,Charlie White,customer278@outlook.com,+1-433-829-7057,Chicago,CO,2020-03-08,Bronze,"new,newsletter,referral"
1279,Sam Smith,customer279@gmail.com,+1-543-982-9897,Austin,TX,2020-04-29,Bronze,loyal
1280,Henry White,customer280@yahoo.com,+1-456-941-8921,Miami,WA,2022-08-21,Silver,discount
1281,Sam Brown,customer281@outlook.com,+1-670-388-2848,Austin,TX,2023-09-18,Gold,"vip,new"
1282,Paul Jones,customer282@gmail.com,+1-704-622-4801,Chicago,CA,2022-04-27,Bronze,loyal
1283,Eve Thomas,customer283@yahoo.com,+1-949-658-1344,Austin,NY,2022-05-24,Gold,"new,loyal"
1284,Bob Miller,customer284@outlook.com,+1-578-231-2234,NYC,CA,2022-08-04,Silver,"vip,referral,new"
1285,Frank White,customer285@gmail.com,+1-916-694-5172,Miami,CA,2022-10-06,Platinum,"vip,loyal,discount"
1286,Grace Anderson,customer286@yahoo.com,+1-339-227-6028,Miami,TX,2020-12-11,Gold,"loyal,vip,referral"
1287,Jack Williams,customer287@outlook.com,+1-953-762-2590,Austin,TX,2023-06-22,Bronze,"referral,new"
1288,Xavier Garcia,customer288@gmail.com,+1-346-166-5567,LA,CO,2024-05-22,Bronze,vip
1289,Wendy Martinez,customer289@yahoo.com,+1-350-103-4089,LA,FL,2024-08-16,Bronze,"new,referral"
1290,Xavier Davis,customer290@outlook.com,+1-723-355-5454,Miami,NY,2023-08-13,Bronze,discount
1291,Sam Smith,customer291@gmail.com,+1-251-628-7866,Chicago,NY,2024-10-04,Silver,"loyal,referral,vip"
1292,Quinn Anderson,customer292@yahoo.com,+1-938-132-1435,Chicago,MA,2024-07-26,Gold,newsletter
1293,Rose Davis,customer293@outlook.com,+1-618-948-3860,Miami,NY,2022-07-22,Platinum,"loyal,referral,discount"
1294,Olivia Garcia,customer294@gmail.com,+1-276-679-2073,Seattle,FL,2021-09-19,Bronze,"discount,loyal,vip"
1295,Victor Smith,customer295@yahoo.com,+1-641-769-6317,Austin,CO,2024-06-16,Bronze,"referral,vip"
1296,Rose Jones,customer296@outlook.com,+1-969-562-1376,Denver,WA,2021-09-05,Silver,"new,newsletter"
1297,Sam Johnson,customer297@gmail.com,+1-745-535-9915,LA,WA,2023-10-15,Bronze,"loyal,vip,newsletter"
1298,Grace Smith,customer298@yahoo.com,+1-471-991-8743,Seattle,CO,2023-10-03,Bronze,"loyal,discount,new"
1299,Olivia Taylor,customer299@outlook.com,+1-354-420-4623,Miami,NY,2023-12-31,Gold,"newsletter,new,vip"
1300,Quinn Williams,customer300@gmail.com,+1-359-422-6495,Chicago,TX,2024-02-04,Gold,"vip,newsletter"
1301,Jack Garcia,customer301@yahoo.com,+1-319-413-7491,Denver,CA,2020-10-01,Gold,"vip,referral"
1302,Bob Taylor,customer302@outlook.com,+1-245-445-3516,Boston,NY,2021-09-21,Bronze,"loyal,discount,referral"
1303,Henry White,customer303@gmail.com,+1-581-721-6490,Miami,MA,2022-12-24,Silver,newsletter
1304,Leo Brown,customer304@yahoo.com,+1-658-318-6099,Boston,NY,2020-03-09,Silver,"newsletter,referral"
1305,Xavier Thomas,customer305@outlook.com,+1-320-388-4629,NYC,CA,2021-12-27,Bronze,newsletter
1306,Grace Johnson,customer306@gmail.com,+1-537-480-8555,Austin,IL,2020-11-04,Gold,referral
1307,Eve Garcia,customer307@yahoo.com,+1-765-981-2936,Seattle,NY,2020-05-26,Bronze,"newsletter,vip"
1308,Maya White,customer308@outlook.com,+1-951-691-5296,NYC,NY,2021-07-31,Silver,"newsletter,discount,loyal"
1309,Bob Williams,customer309@gmail.com,+1-401-355-9390,Denver,WA,2021-05-22,Silver,referral
1310,Henry Taylor,customer310@yahoo.com,+1-272-787-1406,Denver,CA,2020-06-24,Bronze,newsletter
1311,Uma Anderson,customer311@outlook.com,+1-994-892-2116,Denver,MA,2021-07-31,Silver,"vip,discount,loyal"
1312,Alice Martinez,customer312@gmail.com,+1-863-179-7351,Boston,FL,2020-07-19,Bronze,"vip,newsletter,loyal"
1313,Paul Thomas,customer313@yahoo.com,+1-291-631-3130,Chicago,NY,2022-11-07,Silver,"discount,new,vip"
1314,Quinn Martinez,customer314@outlook.com,+1-273-509-5866,LA,MA,2023-09-21,Silver,newsletter
1315,Frank Miller,customer315@gmail.com,+1-383-677-3712,Seattle,NY,2023-02-24,Silver,"newsletter,vip"
1316,Maya Smith,customer316@yahoo.com,+1-564-295-6503,Seattle,IL,2021-12-13,Platinum,"discount,newsletter,vip"
1317,Jack Taylor,customer317@outlook.com,+1-674-693-4654,Chicago,CA,2024-02-24,Bronze,"newsletter,loyal,discount"
1318,Noah Smith,customer318@gmail.com,+1-703-576-6416,Chicago,NY,2022-12-10,Bronze,"loyal,discount,new"
1319,Paul Jones,customer319@yahoo.com,+1-581-543-2985,Miami,IL,2024-07-20,Gold,"vip,referral"
1320,Rose Taylor,customer320@outlook.com,+1-409-593-3567,LA,NY,2023-03-20,Silver,"discount,vip"
1321,Jack Thomas,customer321@gmail.com,+1-444-264-9153,LA,TX,2023-03-30,Gold,loyal
1322,Uma Jones,customer322@yahoo.com,+1-292-383-2911,LA,IL,2020-07-06,Bronze,"loyal,discount,newsletter"
1323,Victor Martinez,customer323@outlook.com,+1-910-223-2590,NYC,MA,2020-08-17,Silver,"referral,loyal,discount"
1324,Frank Anderson,customer324@gmail.com,+1-389-754-2340,NYC,FL,2022-08-12,Gold,vip
1325,Kate Smith,customer325@yahoo.com,+1-808-921-2616,Chicago,FL,2024-06-21,Gold,newsletter
1326,Eve Johnson,customer326@outlook.com,+1-308-894-1752,Denver,CO,2023-04-19,Gold,vip
1327,Kate White,customer327@gmail.com,+1-705-890-8985,Miami,TX,2022-04-25,Bronze,"newsletter,discount"
1328,Xavier Moore,customer328@yahoo.com,+1-530-303-9023,Denver,FL,2024-10-06,Bronze,"newsletter,referral,loyal"
1329,Wendy Taylor,customer329@outlook.com,+1-866-414-7408,Seattle,CO,2024-02-02,Bronze,"loyal,vip,referral"
1330,Frank Johnson,customer330@gmail.com,+1-488-681-9882,NYC,FL,2021-03-02,Bronze,discount
1331,Sam Martinez,customer331@yahoo.com,+1-680-779-4077,Chicago,NY,2023-01-10,Bronze,"vip,discount,loyal"
1332,Ivy Miller,customer332@outlook.com,+1-843-870-3337,Boston,IL,2023-11-28,Platinum,"vip,referral,discount"
1333,Rose White,customer333@gmail.com,+1-404-792-6678,Miami,CA,2021-04-22,Silver,referral
1334,Maya Thomas,customer334@yahoo.com,+1-531-747-6833,Boston,CO,2022-11-22,Gold,"discount,loyal"
1335,Leo Thomas,customer335@outlook.com,+1-231-888-9383,NYC,CO,2022-01-19,Gold,"newsletter,discount"
1336,Maya Miller,customer336@gmail.com,+1-606-702-9024,LA,FL,2021-08-15,Bronze,"referral,vip,new"
1337,Paul Smith,customer337@yahoo.com,+1-782-397-3082,Boston,FL,2022-05-16,Bronze,"loyal,discount,vip"
1338,Ivy White,customer338@outlook.com,+1-419-810-6737,Chicago,MA,2024-01-23,Bronze,newsletter
1339,Ivy Garcia,customer339@gmail.com,+1-531-151-3056,Boston,FL,2021-05-28,Silver,"newsletter,referral"
1340,Alice Davis,customer340@yahoo.com,+1-379-102-2827,LA,WA,2023-12-12,Bronze,"vip,discount,referral"
1341,Victor Martinez,customer341@outlook.com,+1-366-350-6393,Austin,FL,2020-11-27,Silver,referral
1342,Wendy Brown,customer342@gmail.com,+1-792-126-9309,Boston,NY,2024-06-13,Bronze,"newsletter,new,loyal"
1343,Alice Williams,customer343@yahoo.com,+1-938-451-7796,Seattle,IL,2024-07-19,Bronze,"new,vip"
1344,Victor Smith,customer344@outlook.com,+1-472-416-6521,LA,FL,2023-12-10,Bronze,"loyal,vip,new"
1345,Tina Davis,customer345@gmail.com,+1-954-628-2719,Seattle,TX,2021-06-16,Silver,"vip,discount,referral"
1346,Henry Garcia,customer346@yahoo.com,+1-247-115-4776,Chicago,IL,2020-01-05,Gold,"vip,discount,referral"
1347,Victor Williams,customer347@outlook.com,+1-482-113-9558,Miami,CA,2020-10-10,Platinum,"vip,newsletter"
1348,Wendy Thomas,customer348@gmail.com,+1-427-727-1735,Miami,IL,2020-10-30,Gold,"new,newsletter,loyal"
1349,Xavier Johnson,customer349@yahoo.com,+1-740-639-4476,Denver,TX,2022-05-13,Bronze,"referral,new"
1350,Maya Jones,customer350@outlook.com,+1-607-657-4131,Denver,NY,2023-05-05,Silver,"referral,newsletter,vip"
1351,Victor Smith,customer351@gmail.com,+1-859-151-8317,Austin,MA,2023-07-01,Bronze,"new,vip"
1352,Uma Williams,customer352@yahoo.com,+1-855-760-3365,Seattle,TX,2022-05-16,Bronze,"new,referral"
1353,Sam Garcia,customer353@outlook.com,+1-860-715-1488,Denver,MA,2024-11-20,Silver,"referral,loyal,vip"
1354,Quinn Jones,customer354@gmail.com,+1-850-731-2979,Boston,MA,2022-04-17,Bronze,vip
1355,Uma Jones,customer355@yahoo.com,+1-748-783-3171,NYC,TX,2024-06-06,Bronze,"discount,newsletter"
1356,Sam Garcia,customer356@outlook.com,+1-477-311-9897,Boston,TX,2024-11-06,Bronze,"vip,discount,loyal"
1357,Kate Smith,customer357@gmail.com,+1-626-558-8700,Boston,WA,2020-06-16,Platinum,"new,referral"
1358,Maya Smith,customer358@yahoo.com,+1-952-756-8459,Chicago,FL,2020-01-06,Silver,newsletter
1359,Kate Johnson,customer359@outlook.com,+1-341-776-3693,Austin,MA,2020-05-21,Bronze,new
1360,Diana Anderson,customer360@gmail.com,+1-377-184-8717,NYC,NY,2021-01-09,Gold,"new,referral"
1361,Jack Davis,customer361@yahoo.com,+1-534-488-5631,Denver,FL,2023-02-22,Gold,"new,vip"
1362,Kate Johnson,customer362@outlook.com,+1-729-960-2695,Miami,FL,2023-09-08,Gold,referral
1363,Alice Brown,customer363@gmail.com,+1-421-713-3905,NYC,FL,2021-01-29,Silver,"discount,loyal"
1364,Eve Johnson,customer364@yahoo.com,+1-527-700-4485,Boston,WA,2023-04-05,Bronze,vip
1365,Victor Davis,customer365@outlook.com,+1-332-871-8346,Miami,MA,2024-08-31,Bronze,"referral,loyal"
1366,Leo Taylor,customer366@gmail.com,+1-488-726-8454,Austin,IL,2022-11-13,Bronze,"newsletter,new"
1367,Uma Brown,customer367@yahoo.com,+1-563-182-8406,LA,NY,2024-09-02,Gold,"referral,new,loyal"
1368,Grace Moore,customer368@outlook.com,+1-644-165-7859,Austin,NY,2020-04-18,Silver,"vip,referral,loyal"
1369,Uma Thomas,customer369@gmail.com,+1-313-952-7110,Austin,FL,2020-07-28,Bronze,"vip,loyal,new"
1370,Xavier Miller,customer370@yahoo.com,+1-795-975-6036,Denver,MA,2021-08-29,Silver,newsletter
1371,Uma Moore,customer371@outlook.com,+1-811-401-1785,Denver,IL,2023-05-10,Silver,"discount,new,vip"
1372,Noah Taylor,customer372@gmail.com,+1-909-964-4058,Miami,IL,2023-12-04,Gold,"new,referral,vip"
1373,Henry Smith,customer373@yahoo.com,+1-745-690-7727,Austin,TX,2022-03-07,Bronze,"new,referral"
1374,Henry Williams,customer374@outlook.com,+1-954-750-8853,Seattle,MA,2020-01-02,Silver,"discount,new"
1375,Quinn Martinez,customer375@gmail.com,+1-679-525-9208,LA,MA,2022-01-12,Bronze,"discount,loyal,newsletter"
1376,Maya Garcia,customer376@yahoo.com,+1-246-129-9106,Denver,NY,2022-02-04,Bronze,loyal
1377,Olivia Taylor,customer377@outlook.com,+1-591-139-1915,Denver,CO,2023-02-08,Silver,"referral,discount,newsletter"
1378,Maya Taylor,customer378@gmail.com,+1-867-383-7202,Miami,CA,2024-05-28,Bronze,loyal
1379,Henry Taylor,customer379@yahoo.com,+1-529-825-8430,Miami,FL,2020-03-16,Silver,referral
1380,Leo Taylor,customer380@outlook.com,+1-523-123-2377,Chicago,MA,2020-07-30,Bronze,"vip,newsletter,loyal"
1381,Tina Moore,customer381@gmail.com,+1-950-153-8851,Miami,TX,2024-07-11,Platinum,"discount,newsletter,referral"
1382,Paul Johnson,customer382@yahoo.com,+1-504-418-5816,NYC,NY,2023-06-10,Gold,"newsletter,new"
1383,Frank Johnson,customer383@outlook.com,+1-244-939-3409,Boston,FL,2020-07-05,Bronze,"loyal,new"
1384,Quinn Miller,customer384@gmail.com,+1-961-560-5102,Seattle,IL,2023-07-22,Silver,loyal
1385,Noah Miller,customer385@yahoo.com,+1-458-187-5637,LA,IL,2020-11-05,Bronze,referral
1386,Frank Thomas,customer386@outlook.com,+1-716-459-6076,Austin,FL,2022-08-23,Silver,"new,newsletter,vip"
1387,Bob Jones,customer387@gmail.com,+1-568-299-6126,Boston,CA,2022-06-06,Bronze,"newsletter,new"
1388,Alice Johnson,customer388@yahoo.com,+1-878-485-5778,Denver,NY,2024-08-13,Bronze,referral
1389,Eve Jones,customer389@outlook.com,+1-595-639-3667,Boston,WA,2020-07-29,Platinum,"loyal,new"
1390,Grace Jones,customer390@gmail.com,+1-346-383-7731,Seattle,TX,2020-12-16,Bronze,"vip,new"
1391,Frank Johnson,customer391@yahoo.com,+1-803-606-2497,Seattle,NY,2020-11-17,Silver,"newsletter,vip"
1392,Uma Davis,customer392@outlook.com,+1-941-809-5671,Denver,WA,2020-07-25,Bronze,vip
1393,Quinn Taylor,customer393@gmail.com,+1-702-149-2993,Denver,IL,2023-01-18,Silver,new
1394,Maya Moore,customer394@yahoo.com,+1-424-181-1521,NYC,IL,2021-10-19,Bronze,loyal
1395,Noah Anderson,customer395@outlook.com,+1-559-334-8493,Chicago,WA,2020-03-05,Bronze,"vip,loyal,newsletter"
1396,Wendy Davis,customer396@gmail.com,+1-666-546-6864,LA,WA,2021-02-19,Bronze,"vip,referral"
1397,Olivia Taylor,customer397@yahoo.com,+1-946-645-2156,Boston,CA,2022-10-19,Bronze,"vip,discount,newsletter"
1398,Maya Jones,customer398@outlook.com,+1-602-724-1653,Boston,FL,2024-06-09,Gold,"new,loyal"
1399,Tina Smith,customer399@gmail.com,+1-760-878-9350,LA,NY,2023-08-08,Gold,vip
1400,Bob Taylor,customer400@yahoo.com,+1-337-632-4373,LA,IL,2021-04-21,Gold,discount
1401,Noah White,customer401@outlook.com,+1-934-814-4145,Denver,TX,2024-01-04,Bronze,"vip,referral,new"
1402,Eve Miller,customer402@gmail.com,+1-731-376-9612,Austin,IL,2021-01-04,Bronze,"vip,referral"
1403,Xavier White,customer403@yahoo.com,+1-256-668-5164,Austin,NY,2021-11-03,Silver,"new,referral,newsletter"
1404,Kate Anderson,customer404@outlook.com,+1-397-251-1719,Seattle,FL,2022-01-12,Platinum,loyal
1405,Olivia Brown,customer405@gmail.com,+1-387-762-4571,Boston,WA,2021-10-15,Silver,"vip,newsletter"
1406,Jack Smith,customer406@yahoo.com,+1-919-342-1179,Chicago,CA,2021-03-07,Bronze,"new,referral,vip"
1407,Grace Thomas,customer407@outlook.com,+1-340-598-2772,Miami,CO,2020-08-26,Gold,discount
1408,Kate Taylor,customer408@gmail.com,+1-207-201-6776,NYC,FL,2020-10-19,Bronze,"vip,referral"
1409,Quinn White,customer409@yahoo.com,+1-204-939-8546,Boston,IL,2020-08-24,Gold,"new,discount"
1410,Alice Miller,customer410@outlook.com,+1-580-705-8896,Denver,FL,2021-10-06,Platinum,"referral,vip"
1411,Uma Brown,customer411@gmail.com,+1-883-935-7793,NYC,CA,2021-12-01,Platinum,"newsletter,vip"
1412,Victor Martinez,customer412@yahoo.com,+1-503-255-8467,Chicago,FL,2024-10-15,Bronze,"new,vip,discount"
1413,Rose Jones,customer413@outlook.com,+1-870-371-5606,LA,WA,2020-11-20,Silver,"discount,newsletter,referral"
1414,Diana Moore,customer414@gmail.com,+1-478-960-4438,Chicago,MA,2021-02-25,Silver,"discount,loyal,new"
1415,Sam Jones,customer415@yahoo.com,+1-732-997-6002,NYC,NY,2021-03-05,Bronze,"discount,new,referral"
1416,Noah Miller,customer416@outlook.com,+1-829-222-2873,Austin,IL,2020-12-19,Silver,new
1417,Maya Taylor,customer417@gmail.com,+1-596-400-6959,Miami,NY,2024-08-05,Silver,"referral,discount,loyal"
1418,Sam Williams,customer418@yahoo.com,+1-593-702-7736,Chicago,TX,2024-02-28,Bronze,referral
1419,Paul White,customer419@outlook.com,+1-415-888-1000,Seattle,NY,2020-10-19,Bronze,"referral,vip"
1420,Victor Jones,customer420@gmail.com,+1-343-349-2194,Austin,CO,2022-03-05,Bronze,"discount,vip,referral"
1421,Sam Smith,customer421@yahoo.com,+1-333-175-4551,Seattle,MA,2021-09-15,Platinum,new
1422,Jack Johnson,customer422@outlook.com,+1-823-861-8617,Seattle,WA,2023-07-04,Gold,new
1423,Olivia Williams,customer423@gmail.com,+1-295-852-6466,Denver,WA,2023-12-07,Silver,vip
1424,Diana Jones,customer424@yahoo.com,+1-466-373-2121,Chicago,TX,2021-01-15,Bronze,referral
1425,Diana Thomas,customer425@outlook.com,+1-756-765-4205,Seattle,CO,2023-05-08,Silver,loyal
1426,Uma Moore,customer426@gmail.com,+1-754-193-8903,Boston,NY,2020-08-12,Bronze,vip
1427,Sam Miller,customer427@yahoo.com,+1-216-944-6260,LA,MA,2022-06-21,Silver,"discount,referral,new"
1428,Xavier Martinez,customer428@outlook.com,+1-589-825-3095,Chicago,WA,2021-11-01,Silver,"vip,discount,loyal"
1429,Victor Martinez,customer429@gmail.com,+1-810-894-7713,NYC,WA,2023-08-10,Gold,new
1430,Sam Johnson,customer430@yahoo.com,+1-452-802-1512,LA,WA,2021-06-03,Bronze,"newsletter,discount"
1431,Uma Miller,customer431@outlook.com,+1-946-895-5959,Austin,WA,2021-08-29,Bronze,"loyal,newsletter"
1432,Paul Miller,customer432@gmail.com,+1-355-702-4281,Chicago,CA,2021-11-07,Gold,referral
1433,Kate Garcia,customer433@yahoo.com,+1-523-841-6884,NYC,CO,2021-03-18,Gold,"loyal,discount,newsletter"
1434,Charlie White,customer434@outlook.com,+1-954-140-9553,Miami,IL,2021-12-19,Bronze,newsletter
1435,Frank Smith,customer435@gmail.com,+1-571-515-1751,NYC,CA,2020-06-30,Bronze,"discount,new"
1436,Sam Johnson,customer436@yahoo.com,+1-512-377-5417,Chicago,WA,2024-03-03,Bronze,"newsletter,loyal,new"
1437,Tina Davis,customer437@outlook.com,+1-754-133-1001,LA,CO,2021-03-17,Silver,"new,discount"
1438,Charlie Garcia,customer438@gmail.com,+1-949-858-8738,Miami,MA,2021-08-30,Gold,"referral,vip"
1439,Quinn Brown,customer439@yahoo.com,+1-235-843-3848,Boston,NY,2023-07-29,Silver,vip
1440,Eve Jones,customer440@outlook.com,+1-651-629-9625,NYC,CA,2022-08-01,Bronze,"vip,loyal"
1441,Paul Smith,customer441@gmail.com,+1-817-332-6341,Chicago,FL,2023-02-10,Silver,"discount,referral,new"
1442,Paul Martinez,customer442@yahoo.com,+1-989-650-5416,Chicago,FL,2020-09-23,Bronze,"loyal,newsletter,vip"
1443,Uma Martinez,customer443@outlook.com,+1-997-744-3926,Boston,FL,2024-04-07,Bronze,vip
1444,Grace Jones,customer444@gmail.com,+1-481-219-6662,Seattle,TX,2022-07-18,Bronze,"new,loyal"
1445,Ivy Jones,customer445@yahoo.com,+1-942-268-1651,Chicago,IL,2022-03-11,Bronze,"vip,loyal"
1446,Jack Martinez,customer446@outlook.com,+1-472-757-1471,Denver,FL,2021-04-09,Gold,"discount,new,loyal"
1447,Uma Smith,customer447@gmail.com,+1-955-394-5974,NYC,NY,2022-09-19,Bronze,"newsletter,vip"
1448,Grace Jones,customer448@yahoo.com,+1-658-747-3650,Miami,CA,2023-11-10,Silver,"referral,new,newsletter"
1449,Eve Garcia,customer449@outlook.com,+1-737-687-8992,Seattle,IL,2021-05-22,Silver,"vip,discount"
1450,Frank Miller,customer450@gmail.com,+1-406-888-4236,NYC,CO,2020-04-22,Platinum,"newsletter,vip"
1451,Olivia Davis,customer451@yahoo.com,+1-323-833-7020,LA,MA,2023-09-02,Gold,"referral,loyal"
1452,Alice Anderson,customer452@outlook.com,+1-472-481-9665,LA,CO,2020-05-11,Gold,"new,referral,newsletter"
1453,Charlie Garcia,customer453@gmail.com,+1-553-196-9728,NYC,CA,2024-03-27,Bronze,"new,loyal"
1454,Paul Smith,customer454@yahoo.com,+1-560-160-2117,Denver,TX,2022-07-13,Bronze,"vip,referral"
1455,Paul White,customer455@outlook.com,+1-564-857-8820,Denver,WA,2024-11-04,Silver,"referral,newsletter"
1456,Eve Jones,customer456@gmail.com,+1-964-395-1681,Austin,TX,2024-11-09,Bronze,"referral,newsletter,new"
1457,Kate Johnson,customer457@yahoo.com,+1-949-269-3346,Austin,WA,2022-05-24,Bronze,"loyal,referral"
1458,Grace Martinez,customer458@outlook.com,+1-907-995-3715,Austin,IL,2020-04-12,Bronze,vip
1459,Henry Smith,customer459@gmail.com,+1-810-908-8035,NYC,CA,2021-11-12,Bronze,"new,newsletter"
1460,Noah Smith,customer460@yahoo.com,+1-844-964-9455,Chicago,CA,2022-09-05,Silver,"referral,vip"
1461,Leo Johnson,customer461@outlook.com,+1-860-579-7664,Seattle,TX,2023-04-23,Silver,"newsletter,vip"
1462,Alice Davis,customer462@gmail.com,+1-242-195-5619,Chicago,NY,2020-03-06,Silver,"discount,vip,new"
1463,Grace Garcia,customer463@yahoo.com,+1-554-501-2494,Boston,IL,2020-05-14,Bronze,"vip,newsletter,referral"
1464,Olivia Johnson,customer464@outlook.com,+1-851-386-4850,NYC,MA,2023-02-22,Bronze,loyal
1465,Kate Martinez,customer465@gmail.com,+1-482-632-9137,Boston,WA,2020-02-26,Silver,"referral,new"
1466,Quinn Smith,customer466@yahoo.com,+1-468-861-4148,Denver,CO,2023-08-18,Platinum,referral
1467,Bob Miller,customer467@outlook.com,+1-944-931-9901,Boston,IL,2022-02-28,Bronze,"discount,vip,new"
1468,Jack White,customer468@gmail.com,+1-554-354-6787,Chicago,CO,2022-06-25,Silver,loyal
1469,Leo Smith,customer469@yahoo.com,+1-624-103-5179,Denver,MA,2021-11-24,Bronze,new
1470,Noah Williams,customer470@outlook.com,+1-908-313-1791,Boston,TX,2024-08-10,Bronze,"referral,new,newsletter"
1471,Jack Davis,customer471@gmail.com,+1-856-156-2635,LA,MA,2024-12-01,Bronze,referral
1472,Leo Miller,customer472@yahoo.com,+1-911-500-1951,Seattle,FL,2022-11-03,Silver,"referral,loyal,vip"
1473,Henry Moore,customer473@outlook.com,+1-719-621-7065,NYC,CA,2022-06-17,Silver,"new,loyal,vip"
1474,Maya Thomas,customer474@gmail.com,+1-835-369-2882,Miami,WA,2021-09-17,Bronze,"vip,discount"
1475,Frank Davis,customer475@yahoo.com,+1-738-611-6461,Seattle,WA,2021-04-10,Silver,loyal
1476,Eve Martinez,customer476@outlook.com,+1-339-363-5544,Denver,FL,2022-10-20,Bronze,referral
1477,Kate Moore,customer477@gmail.com,+1-426-159-6174,Austin,MA,2024-01-05,Bronze,"newsletter,vip"
1478,Alice Miller,customer478@yahoo.com,+1-805-526-9713,Austin,WA,2020-01-27,Bronze,"discount,vip"
1479,Frank Davis,customer479@outlook.com,+1-425-215-6459,Denver,WA,2022-02-10,Gold,"referral,discount"
1480,Bob Smith,customer480@gmail.com,+1-306-618-7676,LA,IL,2023-11-08,Bronze,referral
1481,Quinn White,customer481@yahoo.com,+1-963-430-5651,NYC,IL,2020-11-15,Bronze,referral
1482,Rose Jones,customer482@outlook.com,+1-422-309-8972,Austin,MA,2020-08-06,Bronze,"new,vip,referral"
1483,Grace Moore,customer483@gmail.com,+1-950-527-4136,Seattle,CO,2024-10-21,Silver,discount
1484,Tina Moore,customer484@yahoo.com,+1-453-981-7661,Denver,CO,2023-04-08,Silver,"loyal,new"
1485,Noah Taylor,customer485@outlook.com,+1-493-320-7570,Seattle,TX,2023-12-07,Silver,"loyal,newsletter,new"
1486,Olivia Williams,customer486@gmail.com,+1-512-814-6583,LA,MA,2024-06-03,Silver,"discount,referral"
1487,Frank Martinez,customer487@yahoo.com,+1-781-676-1251,Miami,MA,2021-02-22,Bronze,"loyal,referral"
1488,Noah Moore,customer488@outlook.com,+1-894-211-2787,Boston,CO,2023-02-13,Gold,"discount,new,newsletter"
1489,Paul Smith,customer489@gmail.com,+1-490-379-5389,Austin,CA,2021-08-28,Bronze,"referral,new,loyal"
1490,Leo Brown,customer490@yahoo.com,+1-714-278-7311,Chicago,MA,2020-03-09,Bronze,"new,discount,newsletter"
1491,Eve Taylor,customer491@outlook.com,+1-253-677-7869,Miami,MA,2023-08-03,Silver,"new,vip,referral"
1492,Victor Taylor,customer492@gmail.com,+1-629-721-1023,Miami,CA,2021-11-13,Silver,"referral,loyal"
1493,Henry Thomas,customer493@yahoo.com,+1-293-355-4942,Austin,IL,2024-06-18,Bronze,vip
1494,Rose Garcia,customer494@outlook.com,+1-695-139-9986,LA,TX,2022-08-26,Platinum,"referral,loyal"
1495,Grace Garcia,customer495@gmail.com,+1-662-535-8716,Austin,CO,2021-04-05,Silver,vip
1496,Noah Brown,customer496@yahoo.com,+1-968-815-2234,Denver,NY,2022-09-29,Bronze,"loyal,newsletter,discount"
1497,Frank Brown,customer497@outlook.com,+1-322-906-8626,Miami,MA,2020-05-28,Bronze,"referral,newsletter"
1498,Maya Smith,customer498@gmail.com,+1-485-375-3291,NYC,FL,2024-10-24,Bronze,"vip,loyal"
1499,Leo Martinez,customer499@yahoo.com,+1-961-242-2784,LA,MA,2020-07-11,Platinum,"discount,newsletter,new"
1500,Tina Williams,customer500@outlook.com,+1-519-474-4992,Miami,MA,2023-06-10,Silver,"vip,newsletter"
1501,Kate Jones,customer501@gmail.com,+1-632-678-8402,Denver,WA,2024-10-06,Silver,"discount,referral"
1502,Charlie Smith,customer502@yahoo.com,+1-993-528-3779,Miami,MA,2020-06-10,Silver,"discount,loyal"
1503,Xavier Martinez,customer503@outlook.com,+1-325-873-4615,Denver,CA,2024-04-20,Gold,"discount,new"
1504,Frank Johnson,customer504@gmail.com,+1-402-372-9035,Denver,WA,2022-09-02,Silver,"vip,new,referral"
1505,Frank Garcia,customer505@yahoo.com,+1-661-209-1411,Chicago,CA,2024-01-21,Bronze,referral
1506,Victor Anderson,customer506@outlook.com,+1-270-755-1717,Seattle,MA,2022-01-11,Silver,"new,newsletter,loyal"
1507,Kate White,customer507@gmail.com,+1-556-522-7813,Denver,NY,2021-07-06,Silver,"discount,vip"
1508,Leo Martinez,customer508@yahoo.com,+1-918-668-8735,Miami,CO,2020-06-10,Platinum,"vip,referral,loyal"
1509,Tina Johnson,customer509@outlook.com,+1-878-226-9617,Austin,MA,2020-06-01,Silver,"new,newsletter,vip"
1510,Xavier Garcia,customer510@gmail.com,+1-729-174-3325,Denver,CA,2024-01-04,Bronze,"referral,loyal"
1511,Olivia Anderson,customer511@yahoo.com,+1-693-487-3818,Boston,MA,2020-11-16,Bronze,discount
1512,Alice Garcia,customer512@outlook.com,+1-735-561-7451,Seattle,NY,2023-01-04,Bronze,"new,vip"
1513,Bob Brown,customer513@gmail.com,+1-778-222-6172,Denver,CA,2021-01-14,Silver,"discount,loyal,vip"
1514,Bob Brown,customer514@yahoo.com,+1-644-220-4490,LA,IL,2022-02-01,Bronze,newsletter
1515,Wendy Davis,customer515@outlook.com,+1-998-855-4147,Seattle,WA,2022-02-28,Silver,"newsletter,referral"
1516,Noah Williams,customer516@gmail.com,+1-283-975-7947,Boston,TX,2024-09-19,Gold,"vip,new,newsletter"
1517,Noah Moore,customer517@yahoo.com,+1-506-544-5432,Boston,FL,2024-01-01,Bronze,referral
1518,Alice Anderson,customer518@outlook.com,+1-580-616-1100,Boston,TX,2021-12-01,Silver,"vip,new,referral"
1519,Noah Smith,customer519@gmail.com,+1-299-272-1027,Boston,CA,2023-02-23,Bronze,new
1520,Paul Taylor,customer520@yahoo.com,+1-956-364-3362,NYC,TX,2022-01-21,Bronze,referral
1521,Wendy Thomas,customer521@outlook.com,+1-237-704-3375,Boston,MA,2024-09-25,Bronze,discount
1522,Alice Williams,customer522@gmail.com,+1-247-741-9197,LA,WA,2022-07-29,Silver,"referral,newsletter,discount"
1523,Kate Jones,customer523@yahoo.com,+1-613-160-9961,LA,FL,2023-05-08,Platinum,newsletter
1524,Kate Jones,customer524@outlook.com,+1-634-438-4340,Austin,IL,2023-06-02,Silver,"new,newsletter"
1525,Olivia Taylor,customer525@gmail.com,+1-956-107-5872,Miami,IL,2021-08-03,Bronze,vip
1526,Tina Davis,customer526@yahoo.com,+1-862-584-3759,Denver,NY,2023-04-30,Bronze,"vip,newsletter,discount"
1527,Paul Williams,customer527@outlook.com,+1-528-499-5875,LA,TX,2024-03-25,Silver,"referral,newsletter,discount"
1528,Henry Garcia,customer528@gmail.com,+1-928-988-3385,NYC,MA,2023-06-23,Bronze,"newsletter,loyal"
1529,Diana Anderson,customer529@yahoo.com,+1-618-309-2194,Austin,FL,2021-02-15,Silver,"discount,newsletter,new"
1530,Olivia Williams,customer530@outlook.com,+1-300-513-7715,NYC,WA,2024-12-01,Bronze,"loyal,discount,vip"
1531,Olivia Moore,customer531@gmail.com,+1-522-128-8832,Chicago,TX,2024-03-27,Bronze,"referral,newsletter,new"
1532,Jack Johnson,customer532@yahoo.com,+1-777-850-6755,Austin,WA,2021-07-09,Bronze,discount
1533,Frank Smith,customer533@outlook.com,+1-806-616-5335,LA,CO,2021-09-12,Silver,newsletter
1534,Henry Moore,customer534@gmail.com,+1-248-125-1838,LA,NY,2020-12-14,Bronze,"vip,new,loyal"
1535,Uma Moore,customer535@yahoo.com,+1-613-197-4965,LA,CO,2023-01-18,Bronze,new
1536,Wendy Thomas,customer536@outlook.com,+1-469-373-2336,Chicago,MA,2022-09-15,Silver,"new,discount,vip"
1537,Leo Miller,customer537@gmail.com,+1-435-308-8192,NYC,CO,2024-01-25,Bronze,newsletter
1538,Jack Garcia,customer538@yahoo.com,+1-844-280-1596,LA,TX,2023-08-08,Platinum,"referral,discount,vip"
1539,Eve Johnson,customer539@outlook.com,+1-445-650-3810,Boston,CO,2023-08-07,Bronze,"newsletter,loyal,referral"
1540,Paul Williams,customer540@gmail.com,+1-640-725-1467,Miami,IL,2021-01-03,Bronze,loyal
1541,Charlie Jones,customer541@yahoo.com,+1-978-713-3786,Miami,NY,2023-07-11,Silver,"newsletter,referral,loyal"
1542,Bob Taylor,customer542@outlook.com,+1-965-326-3808,Seattle,MA,2023-07-19,Bronze,"referral,loyal"
1543,Alice Brown,customer543@gmail.com,+1-480-769-9705,Boston,CO,2020-03-09,Bronze,"new,referral"
1544,Jack Moore,customer544@yahoo.com,+1-411-135-1769,Denver,TX,2020-05-23,Bronze,loyal
1545,Charlie Taylor,customer545@outlook.com,+1-439-463-9622,LA,IL,2020-02-25,Gold,"loyal,discount,vip"
1546,Charlie Thomas,customer546@gmail.com,+1-290-707-4258,Austin,IL,2024-04-25,Bronze,new
1547,Jack Taylor,customer547@yahoo.com,+1-459-830-1045,Miami,WA,2023-01-05,Silver,newsletter
1548,Victor Thomas,customer548@outlook.com,+1-776-326-8735,Austin,IL,2021-06-03,Gold,"loyal,new"
1549,Ivy Anderson,customer549@gmail.com,+1-915-646-4190,Seattle,CA,2023-08-26,Gold,"vip,newsletter"
1550,Jack Taylor,customer550@yahoo.com,+1-437-200-1333,Denver,CO,2020-03-30,Silver,"discount,vip"
1551,Maya White,customer551@outlook.com,+1-706-655-9922,Denver,TX,2021-01-10,Platinum,new
1552,Rose Jones,customer552@gmail.com,+1-927-239-7028,Chicago,TX,2022-02-15,Silver,newsletter
1553,Rose Garcia,customer553@yahoo.com,+1-475-466-3020,Austin,WA,2022-09-24,Bronze,"new,newsletter"
1554,Quinn Smith,customer554@outlook.com,+1-717-376-4686,Chicago,FL,2023-05-02,Gold,"referral,newsletter"
1555,Eve Martinez,customer555@gmail.com,+1-500-169-8016,Chicago,IL,2024-05-25,Bronze,"discount,new,loyal"
1556,Leo Thomas,customer556@yahoo.com,+1-627-286-5253,Seattle,WA,2020-12-02,Bronze,loyal
1557,Xavier Martinez,customer557@outlook.com,+1-849-430-7025,Austin,CA,2021-05-20,Silver,"discount,newsletter,vip"
1558,Xavier Williams,customer558@gmail.com,+1-608-563-8753,Boston,WA,2020-04-17,Silver,"newsletter,vip,new"
1559,Grace Brown,customer559@yahoo.com,+1-213-230-4267,Denver,TX,2021-08-29,Gold,"newsletter,referral,discount"
1560,Xavier Miller,customer560@outlook.com,+1-879-311-6254,LA,FL,2021-05-25,Gold,"loyal,discount"
1561,Leo Martinez,customer561@gmail.com,+1-307-870-5726,Boston,MA,2020-11-16,Bronze,"loyal,discount,vip"
1562,Henry White,customer562@yahoo.com,+1-930-264-7297,Boston,MA,2024-02-08,Bronze,"referral,newsletter"
1563,Sam Jones,customer563@outlook.com,+1-546-124-2959,Boston,FL,2020-10-12,Silver,newsletter
1564,Charlie Taylor,customer564@gmail.com,+1-754-726-9541,Denver,WA,2022-03-25,Silver,newsletter
1565,Leo Martinez,customer565@yahoo.com,+1-755-823-2478,Chicago,FL,2023-10-06,Bronze,"newsletter,new,discount"
1566,Quinn Miller,customer566@outlook.com,+1-996-849-4930,Chicago,TX,2022-05-05,Bronze,referral
1567,Charlie Miller,customer567@gmail.com,+1-445-412-7603,Austin,NY,2023-06-22,Bronze,discount
1568,Grace Taylor,customer568@yahoo.com,+1-781-617-6786,Austin,CA,2021-08-09,Silver,"discount,vip,newsletter"
1569,Noah Johnson,customer569@outlook.com,+1-455-733-4701,Boston,FL,2020-12-27,Bronze,loyal
1570,Paul Jones,customer570@gmail.com,+1-666-919-4909,Seattle,CO,2023-09-21,Bronze,"vip,loyal"
1571,Jack White,customer571@yahoo.com,+1-705-308-2884,NYC,CA,2024-07-30,Silver,"newsletter,new"
1572,Grace Johnson,customer572@outlook.com,+1-606-180-8497,Boston,TX,2020-08-09,Bronze,referral
1573,Jack Johnson,customer573@gmail.com,+1-306-747-5029,Boston,MA,2021-12-16,Bronze,"newsletter,new,loyal"
1574,Maya Garcia,customer574@yahoo.com,+1-601-609-3129,Denver,NY,2021-03-13,Gold,"referral,discount,new"
1575,Bob Anderson,customer575@outlook.com,+1-891-348-5056,Denver,IL,2022-10-03,Silver,"vip,loyal,new"
1576,Noah Smith,customer576@gmail.com,+1-440-264-2496,NYC,WA,2021-07-26,Bronze,discount
1577,Sam Thomas,customer577@yahoo.com,+1-485-129-1303,Denver,FL,2021-03-23,Gold,"discount,new"
1578,Quinn Garcia,customer578@outlook.com,+1-878-894-1911,NYC,FL,2023-07-09,Bronze,new
1579,Diana Johnson,customer579@gmail.com,+1-913-705-2038,Chicago,CO,2020-10-27,Silver,"vip,discount"
1580,Olivia Thomas,customer580@yahoo.com,+1-499-506-2071,Seattle,CO,2024-05-19,Bronze,"newsletter,new,discount"
1581,Wendy Miller,customer581@outlook.com,+1-862-213-7598,Denver,IL,2022-08-30,Silver,"discount,loyal,newsletter"
1582,Xavier Thomas,customer582@gmail.com,+1-725-921-5443,NYC,CO,2021-07-02,Bronze,"vip,discount"
1583,Grace Moore,customer583@yahoo.com,+1-370-528-3453,Boston,NY,2022-09-21,Bronze,"discount,referral"
1584,Alice Williams,customer584@outlook.com,+1-579-160-7673,Austin,CA,2022-09-30,Silver,"new,vip,referral"
1585,Maya Smith,customer585@gmail.com,+1-941-697-1200,Denver,IL,2023-06-11,Silver,newsletter
1586,Bob Smith,customer586@yahoo.com,+1-857-156-9974,Boston,NY,2023-05-09,Silver,"new,loyal"
1587,Leo Martinez,customer587@outlook.com,+1-912-205-5921,Denver,CA,2023-11-25,Silver,"vip,discount,referral"
1588,Wendy Martinez,customer588@gmail.com,+1-841-113-6652,Chicago,MA,2021-09-05,Bronze,"discount,newsletter"
1589,Xavier Anderson,customer589@yahoo.com,+1-244-645-6190,Chicago,IL,2023-02-07,Silver,newsletter
1590,Bob Smith,customer590@outlook.com,+1-963-946-5619,Boston,CO,2021-07-15,Silver,"new,loyal"
1591,Eve Miller,customer591@gmail.com,+1-322-874-6188,Denver,MA,2021-05-22,Bronze,"new,loyal"
1592,Bob Brown,customer592@yahoo.com,+1-310-970-8540,Miami,CA,2022-06-09,Gold,"loyal,discount,new"
1593,Wendy Moore,customer593@outlook.com,+1-297-892-6441,Austin,TX,2022-04-18,Gold,"loyal,new"
1594,Noah Martinez,customer594@gmail.com,+1-912-773-5604,Seattle,CO,2022-03-09,Platinum,vip
1595,Frank Miller,customer595@yahoo.com,+1-575-771-7283,Seattle,CA,2024-08-22,Silver,"referral,loyal,vip"
1596,Xavier Thomas,customer596@outlook.com,+1-964-480-4624,NYC,CA,2022-06-01,Silver,"loyal,newsletter"
1597,Leo Davis,customer597@gmail.com,+1-254-328-8391,Austin,FL,2022-03-26,Gold,"new,vip,referral"
1598,Ivy Thomas,customer598@yahoo.com,+1-959-985-3674,LA,CO,2023-05-19,Bronze,"discount,referral,newsletter"
1599,Olivia White,customer599@outlook.com,+1-452-813-3602,Seattle,NY,2021-05-13,Gold,"referral,loyal"
1600,Jack Johnson,customer600@gmail.com,+1-877-254-3674,Miami,NY,2024-08-07,Bronze,"vip,referral,loyal"
1601,Wendy Johnson,customer601@yahoo.com,+1-887-893-5503,NYC,WA,2023-04-27,Bronze,loyal
1602,Grace Taylor,customer602@outlook.com,+1-703-793-1625,Chicago,CO,2023-04-23,Bronze,discount
1603,Ivy Brown,customer603@gmail.com,+1-885-541-6209,Seattle,NY,2023-08-29,Silver,"vip,discount"
1604,Uma Jones,customer604@yahoo.com,+1-340-969-4077,LA,FL,2021-03-29,Bronze,"referral,new,loyal"
1605,Rose Moore,customer605@outlook.com,+1-941-439-3022,Chicago,TX,2022-09-11,Bronze,vip
1606,Charlie Moore,customer606@gmail.com,+1-418-678-3711,Miami,TX,2020-09-05,Silver,referral
1607,Jack Smith,customer607@yahoo.com,+1-470-837-6937,Chicago,FL,2024-08-23,Bronze,discount
1608,Charlie Jones,customer608@outlook.com,+1-732-612-3302,Miami,MA,2021-10-20,Gold,"new,referral,discount"
1609,Ivy Smith,customer609@gmail.com,+1-936-225-1778,Denver,CA,2022-02-21,Bronze,"loyal,new"
1610,Paul Garcia,customer610@yahoo.com,+1-650-505-6833,Miami,NY,2021-11-05,Bronze,"newsletter,vip,new"
1611,Rose Thomas,customer611@outlook.com,+1-819-457-5784,Austin,CO,2021-11-19,Bronze,"vip,loyal,discount"
1612,Frank Anderson,customer612@gmail.com,+1-840-932-7590,Austin,CO,2020-08-17,Silver,"newsletter,discount,new"
1613,Frank Smith,customer613@yahoo.com,+1-519-372-7794,Boston,CO,2024-08-26,Bronze,referral
1614,Uma Anderson,customer614@outlook.com,+1-836-621-6697,Seattle,WA,2020-08-11,Bronze,"discount,newsletter"
1615,Bob Smith,customer615@gmail.com,+1-215-467-7394,LA,NY,2024-10-25,Bronze,"newsletter,loyal,discount"
1616,Kate Martinez,customer616@yahoo.com,+1-993-459-9422,Austin,FL,2024-11-02,Gold,"new,newsletter"
1617,Frank Smith,customer617@outlook.com,+1-452-711-7749,Miami,CO,2020-02-23,Bronze,"discount,newsletter,new"
1618,Paul Anderson,customer618@gmail.com,+1-592-616-1518,NYC,WA,2022-11-25,Silver,discount
1619,Ivy Thomas,customer619@yahoo.com,+1-683-164-4851,Chicago,CA,2024-05-07,Bronze,"newsletter,new"
1620,Ivy Moore,customer620@outlook.com,+1-407-275-7855,NYC,CO,2021-11-30,Bronze,"discount,referral"
1621,Grace Martinez,customer621@gmail.com,+1-992-524-9957,Chicago,CO,2021-04-26,Bronze,"new,newsletter,vip"
1622,Alice Moore,customer622@yahoo.com,+1-879-388-7052,NYC,MA,2021-08-08,Bronze,"referral,vip"
1623,Charlie Davis,customer623@outlook.com,+1-814-115-8495,Chicago,MA,2023-08-16,Bronze,"newsletter,referral,vip"
1624,Charlie Davis,customer624@gmail.com,+1-744-646-5427,Austin,TX,2020-10-15,Gold,loyal
1625,Sam Brown,customer625@yahoo.com,+1-278-116-2818,NYC,FL,2023-12-22,Gold,"discount,newsletter"
1626,Leo White,customer626@outlook.com,+1-569-120-1431,Seattle,NY,2020-11-06,Silver,"loyal,vip,discount"
1627,Diana Jones,customer627@gmail.com,+1-755-519-9804,Miami,NY,2021-04-02,Bronze,vip
1628,Jack Anderson,customer628@yahoo.com,+1-478-174-5350,Seattle,TX,2024-04-28,Gold,"discount,new"
1629,Diana Miller,customer629@outlook.com,+1-471-735-5431,LA,TX,2020-02-20,Silver,"discount,newsletter"
1630,Kate Brown,customer630@gmail.com,+1-957-307-9305,LA,MA,2024-03-12,Silver,loyal
1631,Kate Smith,customer631@yahoo.com,+1-231-864-6016,Denver,MA,2023-01-27,Bronze,vip
1632,Uma Thomas,customer632@outlook.com,+1-355-976-8671,Boston,FL,2020-12-07,Silver,"vip,referral"
1633,Xavier Garcia,customer633@gmail.com,+1-552-402-3915,LA,FL,2021-07-16,Gold,loyal
1634,Tina Brown,customer634@yahoo.com,+1-519-317-6387,NYC,FL,2022-09-09,Silver,new
1635,Maya Smith,customer635@outlook.com,+1-892-143-1197,Chicago,MA,2024-07-28,Silver,"loyal,referral,discount"
1636,Maya Smith,customer636@gmail.com,+1-501-926-5500,Boston,IL,2024-10-14,Silver,"loyal,newsletter"
1637,Sam Brown,customer637@yahoo.com,+1-921-811-1845,Miami,IL,2023-11-09,Silver,vip
1638,Olivia Brown,customer638@outlook.com,+1-346-823-6507,Miami,FL,2024-08-03,Gold,"vip,loyal,new"
1639,Rose Taylor,customer639@gmail.com,+1-743-445-1155,LA,IL,2021-04-01,Silver,"discount,loyal,new"
1640,Ivy Davis,customer640@yahoo.com,+1-787-541-8369,Austin,TX,2023-08-20,Gold,"vip,newsletter,new"
1641,Charlie Taylor,customer641@outlook.com,+1-938-900-9333,Seattle,FL,2024-07-07,Gold,"new,newsletter"
1642,Rose Smith,customer642@gmail.com,+1-303-314-8476,Seattle,IL,2022-01-20,Silver,"loyal,newsletter,discount"
1643,Jack Martinez,customer643@yahoo.com,+1-307-559-4875,Austin,NY,2022-05-01,Bronze,"discount,newsletter"
1644,Eve Davis,customer644@outlook.com,+1-736-328-8079,Seattle,TX,2024-09-06,Bronze,"referral,loyal,discount"
1645,Olivia Brown,customer645@gmail.com,+1-826-953-8109,NYC,NY,2024-05-01,Gold,"new,loyal"
1646,Rose Jones,customer646@yahoo.com,+1-407-801-6640,Denver,TX,2020-09-22,Bronze,"newsletter,referral"
1647,Xavier Garcia,customer647@outlook.com,+1-818-838-9909,Austin,CO,2020-01-26,Bronze,"new,vip,newsletter"
1648,Henry Taylor,customer648@gmail.com,+1-604-280-9005,Denver,CA,2022-12-09,Bronze,"referral,new,discount"
1649,Charlie Jones,customer649@yahoo.com,+1-840-898-6804,NYC,NY,2022-07-31,Bronze,"referral,new,newsletter"
1650,Rose Thomas,customer650@outlook.com,+1-355-995-9662,Boston,FL,2021-10-02,Silver,"newsletter,referral"
1651,Olivia Taylor,customer651@gmail.com,+1-879-103-7137,Miami,CO,2020-12-30,Silver,"new,loyal"
1652,Leo Williams,customer652@yahoo.com,+1-397-303-8563,Denver,TX,2023-03-14,Bronze,"newsletter,referral"
1653,Grace Smith,customer653@outlook.com,+1-577-673-1578,Seattle,WA,2020-05-24,Silver,"new,newsletter,vip"
1654,Xavier Jones,customer654@gmail.com,+1-635-162-3600,Austin,TX,2020-06-15,Silver,"newsletter,referral,new"
1655,Bob Williams,customer655@yahoo.com,+1-942-762-5270,Austin,CA,2022-12-02,Silver,new
1656,Maya Brown,customer656@outlook.com,+1-937-708-3030,Miami,TX,2022-08-29,Bronze,"discount,loyal,newsletter"
1657,Rose Anderson,customer657@gmail.com,+1-939-135-8181,Boston,CA,2024-04-25,Gold,newsletter
1658,Maya Jones,customer658@yahoo.com,+1-364-280-4264,Boston,FL,2022-11-04,Bronze,"discount,vip,new"
1659,Wendy Moore,customer659@outlook.com,+1-502-810-5943,Miami,IL,2020-05-08,Bronze,vip
1660,Ivy Smith,customer660@gmail.com,+1-445-507-5109,Boston,NY,2020-02-27,Silver,"loyal,newsletter"
1661,Victor Garcia,customer661@yahoo.com,+1-630-178-4955,Austin,CA,2020-02-23,Gold,"newsletter,discount,new"
1662,Alice Johnson,customer662@outlook.com,+1-200-886-9838,Miami,WA,2023-06-01,Silver,"referral,newsletter"
1663,Paul Davis,customer663@gmail.com,+1-665-610-1707,Seattle,NY,2024-10-04,Silver,discount
1664,Frank Moore,customer664@yahoo.com,+1-505-423-9794,Seattle,TX,2020-05-12,Bronze,"loyal,discount,newsletter"
1665,Quinn Anderson,customer665@outlook.com,+1-983-497-4661,Seattle,TX,2024-05-16,Bronze,"vip,newsletter,loyal"
1666,Maya Anderson,customer666@gmail.com,+1-590-848-5109,LA,CA,2023-06-20,Bronze,newsletter
1667,Frank Anderson,customer667@yahoo.com,+1-369-208-3090,LA,CO,2020-07-28,Bronze,"loyal,referral,newsletter"
1668,Wendy Johnson,customer668@outlook.com,+1-557-574-2098,Denver,WA,2020-08-29,Bronze,"newsletter,vip,referral"
1669,Tina Miller,customer669@gmail.com,+1-506-852-3882,Chicago,CA,2021-01-17,Silver,"referral,loyal,vip"
1670,Maya Taylor,customer670@yahoo.com,+1-279-783-3010,Denver,CO,2023-05-18,Bronze,"discount,vip,referral"
1671,Olivia Garcia,customer671@outlook.com,+1-693-927-6378,Austin,WA,2020-08-02,Gold,new
1672,Kate Davis,customer672@gmail.com,+1-703-427-5943,Denver,MA,2023-06-21,Platinum,"referral,newsletter"
1673,Noah Moore,customer673@yahoo.com,+1-310-921-5636,Seattle,CA,2022-12-30,Bronze,loyal
1674,Victor Johnson,customer674@outlook.com,+1-983-346-8388,Austin,IL,2022-03-24,Bronze,"vip,discount,referral"
1675,Alice Jones,customer675@gmail.com,+1-806-845-6791,Boston,FL,2023-01-18,Bronze,discount
1676,Kate Anderson,customer676@yahoo.com,+1-893-340-3400,NYC,IL,2024-01-12,Silver,"newsletter,vip,referral"
1677,Leo Anderson,customer677@outlook.com,+1-549-193-4398,NYC,IL,2023-03-25,Silver,discount
1678,Ivy Johnson,customer678@gmail.com,+1-919-152-4968,Seattle,CA,2023-11-02,Bronze,"referral,new,discount"
1679,Wendy Martinez,customer679@yahoo.com,+1-293-709-3677,LA,CO,2020-03-24,Bronze,"referral,discount"
1680,Diana Brown,customer680@outlook.com,+1-489-928-3405,Denver,NY,2023-12-19,Silver,"referral,vip,loyal"
1681,Uma Moore,customer681@gmail.com,+1-260-578-2275,Chicago,TX,2021-10-24,Silver,"discount,loyal,newsletter"
1682,Frank Thomas,customer682@yahoo.com,+1-959-875-8315,Denver,NY,2024-08-22,Silver,"newsletter,referral"
1683,Grace Martinez,customer683@outlook.com,+1-245-217-2566,LA,TX,2022-08-11,Gold,"newsletter,new,loyal"
1684,Victor White,customer684@gmail.com,+1-412-253-8614,Austin,WA,2024-02-18,Silver,referral
1685,Sam Johnson,customer685@yahoo.com,+1-477-412-5536,Miami,IL,2020-03-22,Bronze,"new,referral"
1686,Victor White,customer686@outlook.com,+1-815-253-4856,LA,IL,2022-03-11,Silver,"new,referral,loyal"
1687,Sam Brown,customer687@gmail.com,+1-354-934-6656,Seattle,TX,2023-04-24,Bronze,vip
1688,Charlie Miller,customer688@yahoo.com,+1-977-903-4793,Boston,FL,2020-03-29,Silver,discount
1689,Diana Thomas,customer689@outlook.com,+1-836-784-7093,Boston,IL,2020-06-08,Gold,"referral,loyal"
1690,Noah Garcia,customer690@gmail.com,+1-513-694-1593,LA,NY,2022-10-04,Bronze,"discount,referral"
1691,Frank Martinez,customer691@yahoo.com,+1-222-747-2329,NYC,CA,2021-01-04,Bronze,newsletter
1692,Eve Miller,customer692@outlook.com,+1-599-700-6930,Seattle,IL,2021-07-15,Bronze,"vip,loyal,new"
1693,Maya Smith,customer693@gmail.com,+1-551-980-8025,Denver,MA,2020-06-27,Bronze,"vip,loyal,referral"
1694,Xavier Johnson,customer694@yahoo.com,+1-410-693-6677,Seattle,CO,2022-01-01,Silver,vip
1695,Tina Anderson,customer695@outlook.com,+1-632-459-3830,Denver,CO,2023-05-13,Silver,"referral,vip,new"
1696,Wendy Thomas,customer696@gmail.com,+1-248-760-8754,Seattle,IL,2024-04-03,Bronze,"new,discount,newsletter"
1697,Frank Brown,customer697@yahoo.com,+1-420-835-8173,LA,MA,2021-05-29,Bronze,newsletter
1698,Henry White,customer698@outlook.com,+1-254-950-8182,NYC,WA,2020-04-25,Silver,"vip,new"
1699,Paul Moore,customer699@gmail.com,+1-722-482-6495,LA,CA,2023-10-02,Bronze,"discount,referral,new"
1700,Leo Miller,customer700@yahoo.com,+1-273-918-6796,Austin,TX,2021-02-04,Silver,"discount,loyal,newsletter"
1701,Olivia Garcia,customer701@outlook.com,+1-384-187-6874,Boston,FL,2020-10-25,Silver,"referral,loyal"
1702,Uma Jones,customer702@gmail.com,+1-555-164-1653,Chicago,CA,2021-10-30,Silver,"discount,newsletter"
1703,Noah Taylor,customer703@yahoo.com,+1-237-473-5760,Chicago,CA,2024-11-11,Silver,"vip,loyal,discount"
1704,Olivia Miller,customer704@outlook.com,+1-579-136-9930,Boston,TX,2021-05-24,Silver,"vip,discount"
1705,Kate Garcia,customer705@gmail.com,+1-451-978-5429,Miami,CA,2023-02-05,Bronze,discount
1706,Diana Miller,customer706@yahoo.com,+1-618-337-1880,Chicago,WA,2020-02-21,Silver,"newsletter,discount"
1707,Eve Miller,customer707@outlook.com,+1-619-553-8950,Boston,MA,2022-10-04,Silver,"vip,referral,discount"
1708,Wendy Taylor,customer708@gmail.com,+1-348-600-7737,Austin,FL,2023-10-08,Silver,"loyal,new,discount"
1709,Bob Thomas,customer709@yahoo.com,+1-712-551-6036,Austin,NY,2021-06-23,Bronze,"referral,newsletter"
1710,Tina Anderson,customer710@outlook.com,+1-639-246-9489,Austin,FL,2020-07-30,Bronze,"vip,referral"
1711,Diana Moore,customer711@gmail.com,+1-805-469-1893,NYC,CA,2023-02-06,Gold,"referral,new,vip"
1712,Wendy Davis,customer712@yahoo.com,+1-432-759-1123,Miami,NY,2022-02-08,Bronze,"new,vip"
1713,Kate Smith,customer713@outlook.com,+1-610-879-1247,Miami,WA,2023-10-25,Silver,discount
1714,Grace Taylor,customer714@gmail.com,+1-661-481-8103,Seattle,WA,2022-01-01,Silver,"newsletter,referral,loyal"
1715,Victor Anderson,customer715@yahoo.com,+1-305-981-5773,Boston,CO,2021-06-12,Silver,"loyal,discount"
1716,Alice White,customer716@outlook.com,+1-649-212-7713,Denver,CO,2023-06-17,Bronze,"new,discount,referral"
1717,Henry Jones,customer717@gmail.com,+1-679-981-1468,Austin,CA,2021-12-24,Bronze,"discount,vip,referral"
1718,Maya Miller,customer718@yahoo.com,+1-565-857-6021,Chicago,IL,2023-11-26,Bronze,newsletter
1719,Xavier Miller,customer719@outlook.com,+1-538-275-8463,Boston,CA,2022-10-09,Bronze,"newsletter,referral,loyal"
1720,Kate Thomas,customer720@gmail.com,+1-825-193-4833,Denver,NY,2022-03-06,Gold,"loyal,new"
1721,Noah Thomas,customer721@yahoo.com,+1-554-167-7292,Denver,WA,2023-04-18,Bronze,"loyal,newsletter,new"
1722,Alice Garcia,customer722@outlook.com,+1-204-345-6795,Chicago,NY,2023-07-19,Silver,"loyal,vip"
1723,Kate Taylor,customer723@gmail.com,+1-961-746-8036,Miami,NY,2022-07-17,Bronze,"vip,discount"
1724,Leo Smith,customer724@yahoo.com,+1-643-283-9478,Boston,CO,2020-03-25,Gold,"discount,loyal"
1725,Tina Brown,customer725@outlook.com,+1-411-636-7839,Boston,FL,2024-12-01,Bronze,referral
1726,Xavier Garcia,customer726@gmail.com,+1-416-948-1334,LA,TX,2024-02-27,Bronze,"referral,discount,vip"
1727,Wendy Moore,customer727@yahoo.com,+1-873-271-1874,Denver,WA,2023-08-17,Silver,loyal
1728,Leo White,customer728@outlook.com,+1-718-714-2330,Seattle,WA,2021-02-24,Silver,"discount,vip,referral"
1729,Jack Miller,customer729@gmail.com,+1-352-586-2773,Austin,NY,2020-07-28,Bronze,"new,referral,newsletter"
1730,Grace Anderson,customer730@yahoo.com,+1-881-510-2444,Seattle,FL,2023-08-24,Bronze,referral
1731,Rose Garcia,customer731@outlook.com,+1-510-586-8973,Austin,MA,2020-03-02,Bronze,newsletter
1732,Xavier Davis,customer732@gmail.com,+1-699-667-5764,Chicago,WA,2020-01-05,Silver,"newsletter,new,vip"
1733,Tina Miller,customer733@yahoo.com,+1-692-787-1045,Seattle,MA,2021-05-10,Gold,discount
1734,Ivy Davis,customer734@outlook.com,+1-958-614-3783,Seattle,MA,2023-02-04,Bronze,newsletter
1735,Bob Moore,customer735@gmail.com,+1-960-314-7220,Austin,CA,2024-03-26,Silver,"vip,new"
1736,Kate Davis,customer736@yahoo.com,+1-688-330-1660,Austin,TX,2024-10-16,Bronze,"loyal,newsletter"
1737,Sam Brown,customer737@outlook.com,+1-306-531-1697,Denver,CA,2024-02-06,Bronze,"new,loyal"
1738,Charlie Davis,customer738@gmail.com,+1-998-597-1824,Miami,FL,2021-12-31,Bronze,"loyal,vip"
1739,Diana Taylor,customer739@yahoo.com,+1-491-441-2724,Miami,CO,2023-11-11,Silver,"newsletter,referral"
1740,Quinn Martinez,customer740@outlook.com,+1-690-176-7267,Seattle,IL,2020-06-27,Bronze,vip
1741,Alice Davis,customer741@gmail.com,+1-483-771-7988,Boston,IL,2024-02-22,Silver,referral
1742,Bob Miller,customer742@yahoo.com,+1-681-323-4829,Austin,MA,2022-12-25,Bronze,"referral,new"
1743,Maya Smith,customer743@outlook.com,+1-277-707-9748,Seattle,NY,2024-09-16,Silver,loyal
1744,Victor Anderson,customer744@gmail.com,+1-268-198-9055,LA,MA,2021-06-12,Silver,"vip,new,newsletter"
1745,Leo Taylor,customer745@yahoo.com,+1-267-177-4217,Seattle,IL,2023-11-11,Bronze,"referral,discount,new"
1746,Kate Anderson,customer746@outlook.com,+1-274-950-9705,NYC,FL,2021-01-21,Silver,discount
1747,Noah White,customer747@gmail.com,+1-868-186-6881,Seattle,CA,2021-07-05,Bronze,referral
1748,Henry Taylor,customer748@yahoo.com,+1-247-865-5229,Miami,IL,2020-12-01,Bronze,"discount,new,vip"
1749,Victor Martinez,customer749@outlook.com,+1-792-118-3031,Denver,FL,2021-08-10,Bronze,loyal
1750,Olivia Taylor,customer750@gmail.com,+1-319-997-4406,Denver,NY,2022-01-27,Bronze,vip
1751,Alice Martinez,customer751@yahoo.com,+1-730-964-9625,Miami,WA,2022-12-10,Bronze,"vip,newsletter"
1752,Sam Johnson,customer752@outlook.com,+1-388-502-2629,Boston,TX,2021-10-02,Bronze,"new,referral"
1753,Leo Davis,customer753@gmail.com,+1-861-486-4707,LA,FL,2020-11-02,Bronze,"referral,new,vip"
1754,Eve Moore,customer754@yahoo.com,+1-332-321-9258,LA,NY,2023-07-07,Bronze,"discount,vip,referral"
1755,Quinn Smith,customer755@outlook.com,+1-430-767-1149,Miami,NY,2021-12-21,Gold,"discount,referral,new"
1756,Bob Miller,customer756@gmail.com,+1-308-528-8662,Boston,NY,2020-07-29,Silver,loyal
1757,Bob Martinez,customer757@yahoo.com,+1-814-180-1539,Denver,CA,2024-07-25,Bronze,"new,loyal"
1758,Victor Brown,customer758@outlook.com,+1-961-897-9666,Miami,WA,2023-12-25,Silver,loyal
1759,Maya White,customer759@gmail.com,+1-453-652-3540,Denver,NY,2022-07-23,Silver,newsletter
1760,Tina Williams,customer760@yahoo.com,+1-864-670-8372,Chicago,WA,2024-06-07,Bronze,"newsletter,loyal"
1761,Ivy Johnson,customer761@outlook.com,+1-366-426-8893,Boston,MA,2020-02-18,Bronze,"new,referral,vip"
1762,Paul Williams,customer762@gmail.com,+1-424-529-6598,Chicago,CO,2021-03-16,Gold,"referral,loyal"
1763,Tina Martinez,customer763@yahoo.com,+1-308-516-6492,Denver,CO,2020-09-02,Silver,"referral,new"
1764,Sam Garcia,customer764@outlook.com,+1-955-377-4482,NYC,NY,2021-07-04,Silver,"vip,new,newsletter"
1765,Leo Jones,customer765@gmail.com,+1-390-766-6794,Austin,CA,2021-03-27,Silver,"referral,loyal"
1766,Frank Jones,customer766@yahoo.com,+1-449-658-6769,Austin,FL,2023-03-14,Silver,discount
1767,Noah Taylor,customer767@outlook.com,+1-822-383-7824,LA,NY,2021-10-16,Silver,discount
1768,Sam Johnson,customer768@gmail.com,+1-900-662-5836,LA,CO,2020-09-03,Silver,"discount,new,referral"
1769,Maya Martinez,customer769@yahoo.com,+1-641-844-7588,Chicago,MA,2020-12-26,Silver,vip
1770,Tina Anderson,customer770@outlook.com,+1-616-630-7605,Denver,IL,2021-10-29,Bronze,"referral,vip"
1771,Victor Martinez,customer771@gmail.com,+1-341-903-3950,LA,CA,2020-01-16,Silver,discount
1772,Uma Miller,customer772@yahoo.com,+1-315-206-2569,Miami,CO,2021-01-24,Silver,"vip,newsletter"
1773,Uma Thomas,customer773@outlook.com,+1-377-131-9489,Seattle,NY,2020-12-13,Bronze,"newsletter,vip"
1774,Ivy Johnson,customer774@gmail.com,+1-360-986-9973,Seattle,NY,2022-07-16,Bronze,"new,newsletter"
1775,Charlie Jones,customer775@yahoo.com,+1-611-725-9614,NYC,NY,2020-10-07,Gold,"vip,referral,newsletter"
1776,Rose Thomas,customer776@outlook.com,+1-293-642-4971,Denver,IL,2024-04-23,Platinum,"vip,discount"
1777,Noah Garcia,customer777@gmail.com,+1-661-876-8523,Seattle,FL,2020-05-24,Silver,"newsletter,loyal,discount"
1778,Sam Jones,customer778@yahoo.com,+1-735-317-4648,NYC,IL,2020-02-15,Bronze,new
1779,Eve Anderson,customer779@outlook.com,+1-926-500-1420,Chicago,CO,2021-04-07,Bronze,"referral,loyal,vip"
1780,Paul Davis,customer780@gmail.com,+1-505-349-7572,Miami,FL,2022-03-31,Bronze,discount
1781,Tina Anderson,customer781@yahoo.com,+1-475-414-1314,Seattle,NY,2023-10-25,Silver,"referral,new"
1782,Alice Jones,customer782@outlook.com,+1-289-494-3486,NYC,CO,2023-08-23,Silver,"newsletter,new"
1783,Diana Jones,customer783@gmail.com,+1-450-676-6355,Miami,IL,2023-11-26,Gold,loyal
1784,Kate White,customer784@yahoo.com,+1-276-669-1099,Denver,NY,2021-05-08,Gold,"new,newsletter,discount"
1785,Xavier Taylor,customer785@outlook.com,+1-660-497-5043,Miami,IL,2024-04-04,Bronze,"loyal,discount"
1786,Kate Taylor,customer786@gmail.com,+1-444-480-7305,Austin,WA,2023-09-28,Bronze,discount
1787,Xavier Davis,customer787@yahoo.com,+1-390-221-2013,Miami,MA,2020-05-12,Gold,"discount,referral,new"
1788,Alice Thomas,customer788@outlook.com,+1-979-393-1245,NYC,CO,2024-03-15,Gold,"referral,vip,new"
1789,Grace Moore,customer789@gmail.com,+1-383-548-4239,Boston,FL,2023-09-03,Bronze,"newsletter,referral,new"
1790,Tina Garcia,customer790@yahoo.com,+1-815-504-8583,Miami,NY,2020-09-24,Bronze,discount
1791,Diana Thomas,customer791@outlook.com,+1-800-623-8833,Denver,MA,2021-08-15,Silver,discount
1792,Eve Jones,customer792@gmail.com,+1-235-115-7349,Seattle,NY,2021-10-31,Silver,"loyal,new,referral"
1793,Quinn Garcia,customer793@yahoo.com,+1-693-773-9087,NYC,TX,2022-09-05,Bronze,newsletter
1794,Jack Davis,customer794@outlook.com,+1-911-522-1959,Boston,TX,2020-08-11,Bronze,"referral,vip"
1795,Uma White,customer795@gmail.com,+1-404-256-6534,Chicago,CA,2022-06-30,Silver,"new,vip"
1796,Jack Moore,customer796@yahoo.com,+1-498-118-9891,Miami,WA,2020-01-02,Bronze,loyal
1797,Victor Jones,customer797@outlook.com,+1-242-403-7439,LA,FL,2022-08-29,Platinum,"discount,referral"
1798,Quinn Jones,customer798@gmail.com,+1-489-465-1624,Austin,FL,2021-09-28,Bronze,"discount,newsletter"
1799,Bob Brown,customer799@yahoo.com,+1-568-228-2298,Chicago,WA,2023-06-18,Silver,discount
1800,Rose Davis,customer800@outlook.com,+1-456-475-6207,Austin,CA,2020-04-26,Silver,"vip,new,loyal"
1801,Noah Moore,customer801@gmail.com,+1-415-458-1851,Miami,TX,2024-12-04,Bronze,"new,newsletter"
1802,Grace Martinez,customer802@yahoo.com,+1-680-383-9674,Austin,CO,2024-04-21,Bronze,"loyal,new"
1803,Diana Jones,customer803@outlook.com,+1-223-331-6163,Boston,CA,2021-03-12,Silver,"discount,referral,newsletter"
1804,Olivia Martinez,customer804@gmail.com,+1-585-580-7221,NYC,TX,2020-11-06,Bronze,"vip,discount,new"
1805,Rose Thomas,customer805@yahoo.com,+1-517-242-9095,Denver,CO,2023-05-24,Bronze,"new,loyal,vip"
1806,Noah Smith,customer806@outlook.com,+1-926-615-7013,LA,NY,2024-05-03,Bronze,loyal
1807,Sam Anderson,customer807@gmail.com,+1-998-926-2734,Miami,FL,2022-10-09,Bronze,"vip,discount"
1808,Alice Garcia,customer808@yahoo.com,+1-712-424-2245,NYC,MA,2020-08-04,Gold,"discount,referral"
1809,Henry Brown,customer809@outlook.com,+1-685-890-4526,NYC,CA,2021-07-24,Silver,"discount,vip"
1810,Paul Taylor,customer810@gmail.com,+1-307-586-5488,Seattle,IL,2024-05-14,Bronze,"loyal,vip,newsletter"
1811,Diana Taylor,customer811@yahoo.com,+1-318-608-2773,Miami,MA,2020-12-10,Gold,"newsletter,new,loyal"
1812,Jack Smith,customer812@outlook.com,+1-553-865-7046,NYC,TX,2020-03-18,Bronze,loyal
1813,Ivy Anderson,customer813@gmail.com,+1-756-737-9178,Miami,NY,2023-02-16,Bronze,"discount,loyal"
1814,Henry White,customer814@yahoo.com,+1-263-357-8173,LA,CO,2023-12-24,Bronze,"newsletter,new"
1815,Noah Moore,customer815@outlook.com,+1-516-517-7160,Chicago,IL,2023-09-04,Silver,"new,discount,newsletter"
1816,Charlie White,customer816@gmail.com,+1-481-943-3600,Boston,IL,2024-07-20,Silver,"discount,referral"
1817,Noah Williams,customer817@yahoo.com,+1-641-465-8522,NYC,CO,2023-05-15,Bronze,"referral,discount,loyal"
1818,Paul Anderson,customer818@outlook.com,+1-554-409-1815,LA,WA,2024-08-22,Bronze,vip
1819,Diana Brown,customer819@gmail.com,+1-431-560-8257,NYC,TX,2023-09-07,Silver,"vip,new,discount"
1820,Rose Brown,customer820@yahoo.com,+1-349-683-9039,Boston,NY,2021-08-19,Silver,referral
1821,Bob Taylor,customer821@outlook.com,+1-654-488-2331,Austin,TX,2022-10-24,Gold,vip
1822,Olivia Taylor,customer822@gmail.com,+1-456-656-3421,Miami,NY,2021-10-30,Bronze,newsletter
1823,Wendy Jones,customer823@yahoo.com,+1-751-291-2405,Boston,FL,2023-04-15,Silver,"vip,newsletter"
1824,Wendy Garcia,customer824@outlook.com,+1-635-963-9370,NYC,CO,2023-10-04,Silver,loyal
1825,Rose White,customer825@gmail.com,+1-420-321-9084,Seattle,MA,2022-06-17,Silver,referral
1826,Rose Smith,customer826@yahoo.com,+1-750-655-5074,Austin,TX,2020-11-05,Bronze,"loyal,newsletter,discount"
1827,Maya Smith,customer827@outlook.com,+1-512-908-6779,LA,MA,2024-11-22,Bronze,"discount,newsletter,loyal"
1828,Maya Jones,customer828@gmail.com,+1-733-256-6933,Boston,FL,2023-01-08,Silver,"vip,referral"
1829,Eve Miller,customer829@yahoo.com,+1-651-102-9392,NYC,FL,2020-02-13,Silver,loyal
1830,Quinn Jones,customer830@outlook.com,+1-588-923-5440,Miami,IL,2022-07-04,Bronze,new
1831,Rose Anderson,customer831@gmail.com,+1-615-196-7097,Denver,WA,2024-02-15,Bronze,vip
1832,Quinn Miller,customer832@yahoo.com,+1-820-839-2777,Austin,CO,2021-03-28,Bronze,"referral,loyal,newsletter"
1833,Olivia Williams,customer833@outlook.com,+1-740-458-2132,Austin,MA,2022-10-04,Bronze,"newsletter,discount"
1834,Ivy Jones,customer834@gmail.com,+1-649-622-1954,Chicago,FL,2021-12-30,Bronze,"newsletter,vip"
1835,Uma Jones,customer835@yahoo.com,+1-294-231-1604,Austin,CO,2023-05-07,Bronze,vip
1836,Jack Moore,customer836@outlook.com,+1-765-341-2400,Boston,CA,2024-09-11,Bronze,"new,newsletter,referral"
1837,Alice Jones,customer837@gmail.com,+1-394-357-7447,LA,TX,2023-05-16,Bronze,"discount,newsletter,new"
1838,Frank Martinez,customer838@yahoo.com,+1-700-679-6759,Miami,IL,2020-07-12,Silver,"vip,referral"
1839,Charlie Smith,customer839@outlook.com,+1-538-118-6803,Denver,CO,2022-11-01,Bronze,"loyal,new"
1840,Leo Taylor,customer840@gmail.com,+1-614-161-1910,NYC,CA,2022-08-11,Silver,"discount,vip"
1841,Kate Davis,customer841@yahoo.com,+1-266-822-5270,Boston,MA,2021-12-17,Bronze,vip
1842,Leo Taylor,customer842@outlook.com,+1-580-618-1896,Austin,CA,2023-11-13,Bronze,"vip,discount"
1843,Victor Jones,customer843@gmail.com,+1-432-810-9316,Denver,CA,2023-02-23,Silver,"new,vip"
1844,Henry Thomas,customer844@yahoo.com,+1-784-797-2061,LA,MA,2020-12-13,Silver,referral
1845,Victor Garcia,customer845@outlook.com,+1-447-995-2611,Chicago,IL,2022-12-31,Silver,referral
1846,Ivy Martinez,customer846@gmail.com,+1-340-196-6774,NYC,MA,2021-03-15,Bronze,"discount,referral,vip"
1847,Quinn Thomas,customer847@yahoo.com,+1-791-355-2377,Seattle,NY,2022-01-01,Silver,"loyal,discount,vip"
1848,Bob Smith,customer848@outlook.com,+1-674-915-5630,Austin,CA,2020-10-28,Bronze,discount
1849,Rose Williams,customer849@gmail.com,+1-464-771-9496,Austin,WA,2024-05-26,Silver,"referral,newsletter,vip"
1850,Noah Moore,customer850@yahoo.com,+1-807-528-5879,Chicago,CO,2020-12-14,Bronze,new
1851,Bob Garcia,customer851@outlook.com,+1-487-892-8842,LA,NY,2020-04-30,Silver,vip
1852,Diana Jones,customer852@gmail.com,+1-500-235-7631,Chicago,IL,2022-02-24,Silver,new
1853,Jack Martinez,customer853@yahoo.com,+1-440-274-3851,LA,FL,2023-08-16,Silver,"loyal,referral,discount"
1854,Rose Williams,customer854@outlook.com,+1-829-437-3406,NYC,CA,2021-07-08,Platinum,"new,loyal"
1855,Noah Anderson,customer855@gmail.com,+1-456-551-8886,Austin,IL,2020-07-26,Gold,"referral,discount,new"
1856,Quinn Johnson,customer856@yahoo.com,+1-547-698-9322,Seattle,IL,2021-04-18,Silver,"discount,referral"
1857,Quinn White,customer857@outlook.com,+1-826-387-6886,Miami,CA,2020-08-01,Gold,"discount,vip,new"
1858,Charlie Williams,customer858@gmail.com,+1-859-155-3381,Chicago,IL,2023-09-20,Bronze,"newsletter,loyal"
1859,Maya Miller,customer859@yahoo.com,+1-810-971-9878,Boston,CO,2020-03-17,Bronze,"loyal,newsletter"
1860,Quinn Martinez,customer860@outlook.com,+1-863-908-2611,Seattle,CO,2023-03-19,Silver,new
1861,Wendy Martinez,customer861@gmail.com,+1-634-612-5062,Seattle,WA,2020-09-08,Platinum,referral
1862,Xavier Jones,customer862@yahoo.com,+1-593-964-6283,Austin,WA,2021-07-25,Silver,loyal
1863,Leo Williams,customer863@outlook.com,+1-577-147-2553,Austin,FL,2020-07-31,Bronze,discount
1864,Ivy Jones,customer864@gmail.com,+1-800-431-4570,Denver,TX,2024-05-17,Silver,"vip,discount,newsletter"
1865,Sam Garcia,customer865@yahoo.com,+1-208-251-9851,Denver,CO,2021-05-12,Bronze,discount
1866,Maya Johnson,customer866@outlook.com,+1-673-126-1987,Boston,CA,2021-12-05,Bronze,"referral,discount"
1867,Sam Johnson,customer867@gmail.com,+1-812-298-3130,Seattle,CA,2020-01-29,Bronze,"newsletter,vip,discount"
1868,Leo Johnson,customer868@yahoo.com,+1-253-953-5966,NYC,CO,2022-06-15,Bronze,"discount,newsletter,new"
1869,Eve Anderson,customer869@outlook.com,+1-634-552-8719,Boston,CA,2024-03-16,Bronze,"discount,vip,new"
1870,Tina Taylor,customer870@gmail.com,+1-428-296-6290,Seattle,TX,2020-03-13,Silver,discount
1871,Tina Moore,customer871@yahoo.com,+1-713-385-6734,LA,MA,2022-02-27,Silver,newsletter
1872,Henry White,customer872@outlook.com,+1-232-876-2546,Boston,FL,2020-07-24,Bronze,"vip,new,newsletter"
1873,Victor Anderson,customer873@gmail.com,+1-579-687-4977,Denver,FL,2024-08-18,Bronze,"new,newsletter"
1874,Bob Moore,customer874@yahoo.com,+1-253-430-5612,Miami,WA,2024-08-08,Silver,loyal
1875,Alice Jones,customer875@outlook.com,+1-694-379-5511,LA,WA,2020-02-21,Platinum,"loyal,new"
1876,Wendy Jones,customer876@gmail.com,+1-486-205-1555,LA,CA,2022-09-29,Gold,"discount,newsletter"
1877,Leo Brown,customer877@yahoo.com,+1-405-891-1117,LA,IL,2020-11-17,Bronze,"loyal,referral,vip"
1878,Eve Taylor,customer878@outlook.com,+1-679-879-4761,Chicago,NY,2021-09-18,Bronze,"referral,loyal,vip"
1879,Jack Davis,customer879@gmail.com,+1-570-327-6236,Denver,NY,2023-06-03,Bronze,"loyal,newsletter,referral"
1880,Uma Martinez,customer880@yahoo.com,+1-853-683-5636,NYC,CA,2024-06-11,Bronze,referral
1881,Grace Taylor,customer881@outlook.com,+1-224-186-4000,Chicago,CA,2022-12-21,Silver,discount
1882,Noah Taylor,customer882@gmail.com,+1-454-495-3225,Chicago,WA,2020-01-19,Bronze,new
1883,Rose Martinez,customer883@yahoo.com,+1-339-181-6987,Miami,CO,2024-11-28,Gold,"loyal,new"
1884,Rose Garcia,customer884@outlook.com,+1-631-630-5862,Miami,WA,2024-09-29,Silver,"loyal,referral,newsletter"
1885,Henry Johnson,customer885@gmail.com,+1-252-646-4440,LA,IL,2020-11-06,Bronze,"newsletter,loyal"
1886,Victor Jones,customer886@yahoo.com,+1-866-678-2996,NYC,WA,2021-08-13,Silver,referral
1887,Grace Anderson,customer887@outlook.com,+1-941-150-8528,Denver,NY,2024-01-04,Silver,"referral,loyal"
1888,Eve White,customer888@gmail.com,+1-242-646-1866,Miami,CO,2021-06-06,Silver,"vip,referral"
1889,Noah Williams,customer889@yahoo.com,+1-268-810-5021,NYC,NY,2021-10-17,Gold,loyal
1890,Frank Miller,customer890@outlook.com,+1-904-129-5183,Seattle,WA,2024-11-14,Bronze,"referral,newsletter"
1891,Quinn Davis,customer891@gmail.com,+1-501-927-1590,Boston,NY,2020-03-25,Silver,"discount,referral"
1892,Henry Moore,customer892@yahoo.com,+1-938-123-3224,Chicago,MA,2022-08-15,Bronze,newsletter
1893,Tina White,customer893@outlook.com,+1-386-881-6333,Boston,NY,2024-04-11,Bronze,"vip,newsletter,referral"
1894,Xavier Williams,customer894@gmail.com,+1-494-875-7133,Boston,NY,2020-01-03,Silver,discount
1895,Olivia Jones,customer895@yahoo.com,+1-791-849-5904,Miami,FL,2022-02-09,Bronze,"vip,discount"
1896,Sam Johnson,customer896@outlook.com,+1-647-280-9356,NYC,NY,2023-06-20,Bronze,"newsletter,vip,new"
1897,Uma Davis,customer897@gmail.com,+1-635-629-4327,Denver,TX,2021-02-08,Bronze,"referral,discount,newsletter"
1898,Ivy Jones,customer898@yahoo.com,+1-497-932-3000,Austin,CA,2022-12-02,Bronze,newsletter
1899,Charlie Thomas,customer899@outlook.com,+1-335-576-7896,Boston,CO,2024-09-29,Silver,"loyal,discount,new"
1900,Charlie Davis,customer900@gmail.com,+1-313-456-3364,Chicago,IL,2024-06-12,Platinum,"loyal,discount"
1901,Sam Martinez,customer901@yahoo.com,+1-908-286-7846,Boston,TX,2020-08-20,Bronze,loyal
1902,Paul Smith,customer902@outlook.com,+1-974-646-9233,Miami,CO,2021-05-22,Bronze,"loyal,discount"
1903,Quinn Jones,customer903@gmail.com,+1-924-187-8452,NYC,IL,2023-10-05,Bronze,"loyal,new,newsletter"
1904,Tina Williams,customer904@yahoo.com,+1-354-393-7913,Austin,TX,2024-01-03,Bronze,loyal
1905,Quinn Miller,customer905@outlook.com,+1-736-805-7202,Boston,FL,2024-04-23,Bronze,"referral,new,loyal"
1906,Quinn Garcia,customer906@gmail.com,+1-665-717-3566,Austin,TX,2022-07-04,Silver,discount
1907,Rose White,customer907@yahoo.com,+1-888-295-8019,Austin,IL,2023-04-01,Gold,"vip,referral,discount"
1908,Tina Davis,customer908@outlook.com,+1-943-396-4944,LA,CA,2023-08-15,Gold,vip
1909,Sam Martinez,customer909@gmail.com,+1-931-961-6411,Denver,CO,2022-09-12,Bronze,"discount,loyal"
1910,Uma Garcia,customer910@yahoo.com,+1-680-888-9474,Miami,WA,2020-01-21,Bronze,"discount,loyal"
1911,Rose Smith,customer911@outlook.com,+1-796-318-8044,Denver,TX,2022-10-30,Bronze,new
1912,Uma Smith,customer912@gmail.com,+1-938-926-5003,Denver,CO,2020-02-14,Bronze,"loyal,newsletter"
1913,Diana Davis,customer913@yahoo.com,+1-489-663-5597,Seattle,CO,2021-08-27,Silver,"new,referral,vip"
1914,Leo Moore,customer914@outlook.com,+1-708-489-9845,Boston,CA,2022-10-23,Bronze,"newsletter,loyal,referral"
1915,Bob Garcia,customer915@gmail.com,+1-258-156-4108,Boston,WA,2020-02-12,Bronze,new
1916,Leo Anderson,customer916@yahoo.com,+1-897-566-5895,Seattle,CO,2023-04-18,Bronze,"vip,loyal"
1917,Olivia Jones,customer917@outlook.com,+1-987-225-4534,NYC,IL,2020-10-23,Gold,discount
1918,Alice Davis,customer918@gmail.com,+1-536-800-3027,Denver,TX,2021-01-11,Silver,discount
1919,Uma Martinez,customer919@yahoo.com,+1-384-720-7026,NYC,WA,2023-02-04,Silver,"newsletter,referral,discount"
1920,Rose Garcia,customer920@outlook.com,+1-812-513-7289,Boston,CA,2022-07-25,Bronze,"newsletter,referral"
1921,Wendy Smith,customer921@gmail.com,+1-575-304-3026,Denver,CO,2021-12-17,Silver,newsletter
1922,Noah Anderson,customer922@yahoo.com,+1-657-786-2254,Boston,FL,2023-12-24,Bronze,"new,loyal"
1923,Diana Johnson,customer923@outlook.com,+1-837-367-8525,Seattle,WA,2021-09-27,Silver,newsletter
1924,Wendy Williams,customer924@gmail.com,+1-688-723-5825,Miami,FL,2023-02-10,Silver,new
1925,Henry Thomas,customer925@yahoo.com,+1-947-291-1355,Austin,FL,2021-01-11,Bronze,"newsletter,vip"
1926,Jack Moore,customer926@outlook.com,+1-354-791-4148,NYC,IL,2020-02-16,Bronze,"discount,newsletter"
1927,Grace Davis,customer927@gmail.com,+1-254-815-4930,Boston,WA,2024-08-18,Bronze,discount
1928,Quinn Anderson,customer928@yahoo.com,+1-680-770-6258,LA,NY,2023-07-31,Silver,"discount,loyal,newsletter"
1929,Leo Garcia,customer929@outlook.com,+1-600-329-7257,Miami,TX,2020-11-26,Silver,vip
1930,Wendy Miller,customer930@gmail.com,+1-615-112-9085,Denver,CA,2020-08-23,Silver,vip
1931,Maya White,customer931@yahoo.com,+1-858-321-8188,Miami,MA,2022-05-11,Silver,"referral,loyal"
1932,Wendy Thomas,customer932@outlook.com,+1-695-314-6263,LA,FL,2024-08-01,Silver,"loyal,discount"
1933,Wendy Moore,customer933@gmail.com,+1-689-439-9303,Seattle,CA,2020-10-11,Silver,discount
1934,Frank Williams,customer934@yahoo.com,+1-581-177-4737,NYC,FL,2022-01-23,Bronze,new
1935,Maya Garcia,customer935@outlook.com,+1-285-460-1483,NYC,TX,2024-01-03,Bronze,"newsletter,discount"
1936,Ivy Taylor,customer936@gmail.com,+1-673-175-4102,Boston,TX,2023-06-26,Bronze,"new,vip,loyal"
1937,Jack Williams,customer937@yahoo.com,+1-559-423-1167,Miami,NY,2021-12-16,Silver,discount
1938,Sam Taylor,customer938@outlook.com,+1-482-960-4291,Boston,NY,2021-12-12,Gold,"vip,newsletter"
1939,Grace Miller,customer939@gmail.com,+1-471-811-8280,Denver,CA,2022-12-16,Silver,loyal
1940,Eve Davis,customer940@yahoo.com,+1-724-671-1846,Austin,MA,2021-03-12,Bronze,discount
1941,Xavier Taylor,customer941@outlook.com,+1-899-987-7507,Miami,WA,2023-01-02,Bronze,"discount,newsletter,loyal"
1942,Olivia Johnson,customer942@gmail.com,+1-487-154-5264,NYC,MA,2020-04-28,Bronze,"newsletter,vip,discount"
1943,Kate Garcia,customer943@yahoo.com,+1-993-208-6020,Seattle,TX,2021-07-24,Bronze,vip
1944,Eve Brown,customer944@outlook.com,+1-537-135-7867,NYC,NY,2023-08-07,Silver,"referral,loyal,discount"
1945,Grace Brown,customer945@gmail.com,+1-539-230-7202,Boston,FL,2022-08-05,Bronze,loyal
1946,Eve Davis,customer946@yahoo.com,+1-690-773-4742,NYC,NY,2023-09-18,Bronze,"discount,loyal,newsletter"
1947,Eve Taylor,customer947@outlook.com,+1-938-259-3857,Miami,NY,2020-02-27,Silver,"referral,vip"
1948,Jack Johnson,customer948@gmail.com,+1-528-657-6487,LA,FL,2021-05-14,Bronze,"vip,newsletter"
1949,Bob Martinez,customer949@yahoo.com,+1-543-411-7065,Seattle,WA,2021-12-31,Silver,"vip,loyal"
1950,Bob Williams,customer950@outlook.com,+1-834-313-4229,Chicago,CO,2024-11-02,Silver,"new,loyal,referral"
1951,Victor Brown,customer951@gmail.com,+1-363-381-3177,Seattle,CA,2023-07-05,Silver,"discount,referral"
1952,Xavier Davis,customer952@yahoo.com,+1-561-975-7406,Seattle,MA,2022-03-06,Bronze,"discount,vip"
1953,Bob Johnson,customer953@outlook.com,+1-354-435-2328,Boston,FL,2021-04-26,Bronze,"discount,loyal,vip"
1954,Sam White,customer954@gmail.com,+1-245-347-2433,Miami,CO,2024-02-01,Silver,"loyal,new,newsletter"
1955,Rose Jones,customer955@yahoo.com,+1-708-101-7861,Chicago,CA,2020-11-21,Bronze,"referral,newsletter"
1956,Alice Miller,customer956@outlook.com,+1-941-946-5963,Denver,NY,2022-12-22,Gold,vip
1957,Henry Thomas,customer957@gmail.com,+1-452-571-9280,Boston,WA,2023-04-18,Bronze,vip
1958,Diana Miller,customer958@yahoo.com,+1-214-264-6893,Chicago,WA,2020-08-18,Silver,"new,loyal,newsletter"
1959,Grace Johnson,customer959@outlook.com,+1-626-656-2867,LA,CA,2023-04-02,Bronze,"vip,discount,loyal"
1960,Rose Anderson,customer960@gmail.com,+1-674-791-4905,Austin,TX,2023-10-15,Bronze,"vip,newsletter,referral"
1961,Jack Anderson,customer961@yahoo.com,+1-609-759-6080,Seattle,NY,2023-05-18,Gold,"discount,newsletter"
1962,Frank Davis,customer962@outlook.com,+1-901-568-9832,Seattle,WA,2024-01-09,Silver,"discount,referral,new"
1963,Leo Anderson,customer963@gmail.com,+1-636-304-5617,Seattle,FL,2021-07-08,Silver,"newsletter,discount"
1964,Maya Anderson,customer964@yahoo.com,+1-820-761-1284,Seattle,TX,2021-02-26,Bronze,"discount,vip,newsletter"
1965,Leo Williams,customer965@outlook.com,+1-591-536-2162,LA,FL,2023-03-02,Gold,"loyal,referral"
1966,Alice Smith,customer966@gmail.com,+1-865-758-2571,Seattle,IL,2021-12-30,Silver,discount
1967,Kate Johnson,customer967@yahoo.com,+1-895-876-5742,Chicago,MA,2020-07-21,Bronze,"discount,loyal"
1968,Victor Johnson,customer968@outlook.com,+1-729-236-1389,Chicago,NY,2021-11-20,Bronze,"newsletter,loyal"
1969,Frank Taylor,customer969@gmail.com,+1-397-656-7549,NYC,MA,2022-02-22,Bronze,"new,vip"
1970,Alice Martinez,customer970@yahoo.com,+1-790-556-4525,LA,IL,2024-01-30,Bronze,vip
1971,Olivia White,customer971@outlook.com,+1-286-308-2276,NYC,FL,2024-05-06,Gold,"referral,loyal"
1972,Grace Smith,customer972@gmail.com,+1-359-328-4266,Seattle,CA,2021-03-28,Bronze,"newsletter,loyal,vip"
1973,Paul Martinez,customer973@yahoo.com,+1-576-243-5225,Denver,CA,2024-05-25,Bronze,"referral,newsletter,discount"
1974,Kate White,customer974@outlook.com,+1-650-140-6810,LA,FL,2022-10-23,Bronze,vip
1975,Jack Taylor,customer975@gmail.com,+1-213-532-2352,Denver,MA,2023-01-17,Bronze,"newsletter,vip"
1976,Frank Johnson,customer976@yahoo.com,+1-721-960-3947,LA,CA,2022-12-10,Bronze,"newsletter,loyal,new"
1977,Rose Thomas,customer977@outlook.com,+1-284-968-7145,Austin,CO,2024-01-16,Bronze,loyal
1978,Noah Davis,customer978@gmail.com,+1-406-511-1120,Miami,MA,2021-11-02,Bronze,"discount,vip"
1979,Diana Johnson,customer979@yahoo.com,+1-656-641-9200,Austin,WA,2022-10-17,Silver,"new,loyal"
1980,Uma Moore,customer980@outlook.com,+1-840-411-8980,Miami,WA,2021-04-24,Bronze,referral
1981,Wendy White,customer981@gmail.com,+1-699-749-5240,Denver,FL,2023-03-02,Gold,newsletter
1982,Tina Thomas,customer982@yahoo.com,+1-600-785-6680,NYC,TX,2023-06-24,Bronze,referral
1983,Olivia Brown,customer983@outlook.com,+1-954-701-6322,NYC,IL,2022-06-04,Silver,"discount,vip"
1984,Xavier Williams,customer984@gmail.com,+1-407-704-7090,Chicago,CA,2024-09-02,Gold,new
1985,Noah Thomas,customer985@yahoo.com,+1-466-812-3297,Denver,CA,2024-10-12,Silver,"discount,vip"
1986,Victor Garcia,customer986@outlook.com,+1-638-707-1386,Chicago,FL,2021-01-30,Silver,loyal
1987,Sam Johnson,customer987@gmail.com,+1-661-595-5711,Boston,WA,2020-06-07,Bronze,referral
1988,Frank Miller,customer988@yahoo.com,+1-855-236-3049,Denver,WA,2021-04-09,Silver,"newsletter,referral,vip"
1989,Wendy Anderson,customer989@outlook.com,+1-318-956-2143,Boston,WA,2023-03-19,Bronze,vip
1990,Kate Smith,customer990@gmail.com,+1-989-476-9340,Denver,NY,2021-07-24,Silver,"loyal,discount,newsletter"
1991,Victor Martinez,customer991@yahoo.com,+1-418-282-9761,Boston,IL,2022-10-10,Bronze,vip
1992,Maya Martinez,customer992@outlook.com,+1-397-473-6562,Chicago,IL,2023-08-24,Silver,"newsletter,referral,new"
1993,Olivia Thomas,customer993@gmail.com,+1-225-557-7503,LA,NY,2021-07-12,Gold,"loyal,vip"
1994,Rose Brown,customer994@yahoo.com,+1-584-540-8265,Seattle,CA,2024-03-01,Bronze,"referral,vip,newsletter"
1995,Victor Brown,customer995@outlook.com,+1-503-811-9399,Miami,MA,2022-09-08,Bronze,"newsletter,referral,vip"
1996,Leo Martinez,customer996@gmail.com,+1-802-874-6503,NYC,CO,2022-10-17,Silver,"referral,vip"
1997,Rose Anderson,customer997@yahoo.com,+1-504-827-6884,Chicago,CO,2023-08-21,Gold,referral
1998,Frank Smith,customer998@outlook.com,+1-554-130-9316,Denver,MA,2023-08-28,Silver,new
1999,Quinn Moore,customer999@gmail.com,+1-630-960-9899,LA,TX,2021-06-26,Bronze,"new,referral"
